-- phpMyAdmin SQL Dump
-- version 5.2.1
-- https://www.phpmyadmin.net/
--
-- Host: 127.0.0.1
-- Generation Time: Jan 04, 2026 at 12:17 PM
-- Server version: 10.4.32-MariaDB
-- PHP Version: 8.2.12

SET SQL_MODE = "NO_AUTO_VALUE_ON_ZERO";
START TRANSACTION;
SET time_zone = "+00:00";


/*!40101 SET @OLD_CHARACTER_SET_CLIENT=@@CHARACTER_SET_CLIENT */;
/*!40101 SET @OLD_CHARACTER_SET_RESULTS=@@CHARACTER_SET_RESULTS */;
/*!40101 SET @OLD_COLLATION_CONNECTION=@@COLLATION_CONNECTION */;
/*!40101 SET NAMES utf8mb4 */;

--
-- Database: `tabib_db`
--

-- --------------------------------------------------------

--
-- Table structure for table `appointments`
--

CREATE TABLE `appointments` (
  `id` int(11) NOT NULL,
  `doctor_id` int(11) DEFAULT NULL,
  `patient_id` int(11) DEFAULT NULL,
  `appointment_date` date DEFAULT NULL,
  `appointment_time` time DEFAULT NULL,
  `status` varchar(255) DEFAULT NULL,
  `notes` varchar(255) DEFAULT NULL,
  `created_at` timestamp NOT NULL DEFAULT current_timestamp()
) ENGINE=InnoDB DEFAULT CHARSET=utf8mb4 COLLATE=utf8mb4_general_ci;

--
-- Dumping data for table `appointments`
--

INSERT INTO `appointments` (`id`, `doctor_id`, `patient_id`, `appointment_date`, `appointment_time`, `status`, `notes`, `created_at`) VALUES
(1, 1, 1, '2025-12-16', '10:00:00', 'Completed', 'Patient complained of chest pain.', '2025-12-18 17:53:27'),
(2, 2, 2, '2025-12-19', '11:30:00', 'Scheduled', 'Child vaccination and general flu.', '2025-12-18 17:53:27'),
(3, 1, 3, '2025-12-23', '16:00:00', 'Scheduled', 'Regular heart checkup follow-up.', '2025-12-18 17:53:27');

-- --------------------------------------------------------

--
-- Table structure for table `doctors`
--

CREATE TABLE `doctors` (
  `id` int(11) NOT NULL,
  `user_id` int(11) DEFAULT NULL,
  `specialization` varchar(255) DEFAULT NULL,
  `qualification` varchar(255) DEFAULT NULL,
  `experience` int(11) DEFAULT NULL,
  `about` varchar(255) DEFAULT NULL,
  `consultation_fee` decimal(38,2) DEFAULT NULL
) ENGINE=InnoDB DEFAULT CHARSET=utf8mb4 COLLATE=utf8mb4_general_ci;

--
-- Dumping data for table `doctors`
--

INSERT INTO `doctors` (`id`, `user_id`, `specialization`, `qualification`, `experience`, `about`, `consultation_fee`) VALUES
(1, 2, 'Cardiologist', 'MBBS, MD ', 10, 'Specialist in heart diseases and surgery.', 1000.00),
(2, 3, 'Pediatrician', 'MBBS, DCH', 8, 'Specialist for child care and vaccinations.', 700.00);

-- --------------------------------------------------------

--
-- Table structure for table `doctor_availability`
--

CREATE TABLE `doctor_availability` (
  `id` bigint(20) NOT NULL,
  `doctor_id` int(11) DEFAULT NULL,
  `day_of_week` varchar(255) DEFAULT NULL,
  `start_time` time DEFAULT NULL,
  `end_time` time DEFAULT NULL
) ENGINE=InnoDB DEFAULT CHARSET=utf8mb4 COLLATE=utf8mb4_general_ci;

-- --------------------------------------------------------

--
-- Table structure for table `drugs`
--

CREATE TABLE `drugs` (
  `id` int(11) NOT NULL,
  `drug_name` varchar(255) DEFAULT NULL,
  `category` varchar(255) DEFAULT NULL,
  `description` text DEFAULT NULL
) ENGINE=InnoDB DEFAULT CHARSET=utf8mb4 COLLATE=utf8mb4_general_ci;

--
-- Dumping data for table `drugs`
--

INSERT INTO `drugs` (`id`, `drug_name`, `category`, `description`) VALUES
(1, 'Dolo 650', 'Antipyretic', 'For high fever and body pain.'),
(2, 'Azithromycin 500', 'Antibiotic', 'For throat and chest infections.'),
(3, 'Cetirizine', 'Antihistamine', 'For allergies and cold.'),
(4, 'Pantop 40', 'Antacid', 'For acidity and gastric issues.');

-- --------------------------------------------------------

--
-- Table structure for table `notifications`
--

CREATE TABLE `notifications` (
  `id` bigint(20) NOT NULL,
  `user_id` int(11) DEFAULT NULL,
  `message` text DEFAULT NULL,
  `type` varchar(255) DEFAULT NULL,
  `status` varchar(255) DEFAULT NULL,
  `created_at` timestamp NOT NULL DEFAULT current_timestamp()
) ENGINE=InnoDB DEFAULT CHARSET=utf8mb4 COLLATE=utf8mb4_general_ci;

-- --------------------------------------------------------

--
-- Table structure for table `patients`
--

CREATE TABLE `patients` (
  `id` int(11) NOT NULL,
  `full_name` varchar(255) DEFAULT NULL,
  `phone` varchar(255) DEFAULT NULL,
  `email` varchar(255) DEFAULT NULL,
  `gender` varchar(255) DEFAULT NULL,
  `dob` date DEFAULT NULL,
  `address` varchar(255) DEFAULT NULL,
  `city` varchar(255) DEFAULT NULL,
  `created_at` timestamp NOT NULL DEFAULT current_timestamp(),
  `photo` longtext DEFAULT NULL
) ENGINE=InnoDB DEFAULT CHARSET=utf8mb4 COLLATE=utf8mb4_general_ci;

--
-- Dumping data for table `patients`
--

INSERT INTO `patients` (`id`, `full_name`, `phone`, `email`, `gender`, `dob`, `address`, `city`, `created_at`, `photo`) VALUES
(1, 'Rahul Verma', '9888811111', 'rahul@gmail.com', 'male', '1990-05-15', 'Flat 101, Bandra West', 'Mumbai', '2025-12-18 17:53:27', 'data:image/jpeg;base64,/9j/4AAQSkZJRgABAQEASABIAAD/4gKgSUNDX1BST0ZJTEUAAQEAAAKQbGNtcwQwAABtbnRyUkdCIFhZWiAH3gAEABgAAwAdACdhY3NwQVBQTAAAAAAAAAAAAAAAAAAAAAAAAAAAAAAAAAAA9tYAAQAAAADTLWxjbXMAAAAAAAAAAAAAAAAAAAAAAAAAAAAAAAAAAAAAAAAAAAAAAAAAAAAAAAAAAAAAAAtkZXNjAAABCAAAADhjcHJ0AAABQAAAAE53dHB0AAABkAAAABRjaGFkAAABpAAAACxyWFlaAAAB0AAAABRiWFlaAAAB5AAAABRnWFlaAAAB+AAAABRyVFJDAAACDAAAACBnVFJDAAACLAAAACBiVFJDAAACTAAAACBjaHJtAAACbAAAACRtbHVjAAAAAAAAAAEAAAAMZW5VUwAAABwAAAAcAHMAUgBHAEIAIABiAHUAaQBsAHQALQBpAG4AAG1sdWMAAAAAAAAAAQAAAAxlblVTAAAAMgAAABwATgBvACAAYwBvAHAAeQByAGkAZwBoAHQALAAgAHUAcwBlACAAZgByAGUAZQBsAHkAAAAAWFlaIAAAAAAAAPbWAAEAAAAA0y1zZjMyAAAAAAABDEoAAAXj///zKgAAB5sAAP2H///7ov///aMAAAPYAADAlFhZWiAAAAAAAABvlAAAOO4AAAOQWFlaIAAAAAAAACSdAAAPgwAAtr5YWVogAAAAAAAAYqUAALeQAAAY3nBhcmEAAAAAAAMAAAACZmYAAPKnAAANWQAAE9AAAApbcGFyYQAAAAAAAwAAAAJmZgAA8qcAAA1ZAAAT0AAACltwYXJhAAAAAAADAAAAAmZmAADypwAADVkAABPQAAAKW2Nocm0AAAAAAAMAAAAAo9cAAFR7AABMzQAAmZoAACZmAAAPXP/bAEMABQMEBAQDBQQEBAUFBQYHDAgHBwcHDwsLCQwRDxISEQ8RERMWHBcTFBoVEREYIRgaHR0fHx8TFyIkIh4kHB4fHv/bAEMBBQUFBwYHDggIDh4UERQeHh4eHh4eHh4eHh4eHh4eHh4eHh4eHh4eHh4eHh4eHh4eHh4eHh4eHh4eHh4eHh4eHv/AABEIAIAAgAMBIgACEQEDEQH/xAAcAAABBQEBAQAAAAAAAAAAAAAEAwUGBwgCAQD/xAA7EAABAwMCBQIDBQYFBQAAAAABAgMEAAURBiEHEhMxQVFhFCJxCIGRocEjJDJCcrEVM1KC0UNiouHx/8QAGQEAAgMBAAAAAAAAAAAAAAAAAwQAAgUB/8QAJhEAAwACAgIBBAIDAAAAAAAAAAECAxEEIRIxUQUTIkEUMnGBkf/aAAwDAQACEQMRAD8AdkNHFLIaohtnzil0M7dqRDaBkM+xpQMnbzRaGtwKUDR9KhNAXQxXvSo4Ne1A3u5W2ywlTLpNYiMpGeZxQBPsB3J+lQjWjnpgnH5UzX3UNisnMLlcmWVpHMW85X+A3qpeIHFabdlLh6fS7BiDI6xOHVj7v4arR1x11fO44txR8qJJpvHxG+66Fr5CT0i+JnFbSbS+Vj46QPKkscoH4nP5UJH4rWJ5zlMZ9P1GN/TPaqT6ZKOb0rgoI70f+LjBffs01Yr7ar2jEJ/LnLzFtWOYD9acXGcGsz2K4TbZLRIhvKbcQcoIPY1onRl6b1FZW5g5EvJADyB4PrSmbB9vtehjHk8xdTXsKQcaI8U7La3xQ7jXtQAozutUK63g08OtbHag3mqsmc0TpDPtSyWfrRaWcDYUqGceKqEBUM+1dhrbtRYaxXQbqEITxL1ZD0dYDLd/aS38txGQcFa8d/YDyay/qK93O/3Bc66ylvvKO2TsgegHgVNPtB3V2fxEkxC5lqChLDaeXBTtlX4mq8CSTgDc+K0uPjUz5ftiGfI6rRylPqaUDZ5gQmnS224LI59/WpZYtOx5a0gpGDt9a7kzzHsJi4lZCCNpJXy8uQQR+terYUVZ5CB9Ku+06BtKlI52VrXnPfb6VKWuGNpktg8nTVykAYz3pN/UYT9Dq+l3rtmaQgpRkJPceKn/AAauymr6qASQiUhQKR5UBtVwReE1qYjuodQhxTowTjsPGKqDiBpG56DuyLnbnVtthZDbg7oyK7PLjPuPRS+HeBea7LxLXy470g61t2quuD2u37tPNluYBc6ZU06FKOcbkKBJ/KrTcb22oNw4emUlq1tDM617UE+132p7ea77UE+17VU6WEGK7DPtR/R9vFfBrbtU0XA+kc190vajg1Xhb847VNEMW8aCTxNvpysn4k/x9+w/Ko7ao/VfBV2HepXxyjts8Vb6yy2UJD4JBzuSkEnf1JpnsMRw/tOX5e1aflrEhGY8so7wI6cgY896nGlY370lZCsAdvWotBSlGOYgVOtMFrqNp5wCTkA+azc9PRucaUmWFY4iVvNkpAwO1TOG2gOBDY2A8UxWSP8A5Sk4O2SaefiejIAGd+5rNHr7HRpgqHMRtUV4gabZ1FpyZbn0jnWghtWOx8GpjGc5kDBzSM5GUmreu0B99MxHon4uy8RYCUsrU+xM6SmwcFW5Ck+577VqQtpKQUfwkZG2KoTijalRuNTbcJrlckzGXUDcZUVD0rRDiNzWrnvzU18oxZj7dVHwxqeb9qCfb2p4dboR5ugIu0WV0u21fdPFF9LxivOmM0TRUE6Qrwt5ovk2rwIyobY3qaJsyJ9osWuZxMdk22UHlKZQ3LAQR03W/lI3G+wG4plLbcSEhOyeVNSriTEYuWs5qiU/FfHOFSfJQFq3+7AprFvEwqScYHrV3kTlJjM8dxT0RuJbr1eA4/GLcWKju66rlH1rlMW+xVhyHe4klxH/AE2XwV49ge9POo4k+TGZtkVRSgqJUM7E+M1YehdMaYZ4dOW28R3pt0IU4hzpBJSsnICVE9h/zXazKZ2/+E/jVVaSf+dnfBrWVxlL/wAPuaT1EE99s1ac+Q2rlXy4I3wT3rNLMmbp7VzYSsp5FjmSVBRAz6itNxkokaXE6Iyl6T0ecJP8xxsBmkORCVbXpj+GtrT9rorF7VfE9+5ly1WL4iLzFIbU1y4GdjzFQ71IrPrq+RJTUfVlhkwGXSEdfGUNn1J9P7Vzwl0tf9Sz7vP19NkRW8hMFhl4p5fJI5SRjxgjfvtUltlmkus3GwXVRmxErKY7y0nJHg7+R+VdyeKSWl/orCbb99fJDNSWWPL43WeapIWWoKpA9MpyAfxIqbOI9qSesqWdWR5fOoiPaSwPGT1R3+4Ua6jarxW5S+BPkT43v5G51FCPI705uIoV1FWAFmFGPFclHiiij1rhSd6Z0CBlI3965KN9tj4olSdhXBGxGKq0d2ZAft1xg8QJce9ZVKKny2oKyFHJySa7t61InLRtjNWhxw0vIZ1LG1OyEGKshDgBwpLvLjf1BA71WDmEXFW2Aog7UOu/Zo468uyVxIDCkddCEkkbgiuLpKfixD0GACnspZ2+4eaP06jqJSjuK84jtOQdOvORkBbxQcetJp/lof8A6yU3Pd/f1rUrmdWvmUT5Nao4XSGZWkoTTh5z0hzZFZNt7rUZ+JMlIL4cfHUSBzEY3OR4rUGhNXwJcWJFchqhuSipMMFshKkt4yc4wO42NM8paSE+M/LyLFtpjRCTnk/7u340q8406srQM+9NrTwde5VjCvHoacUI5UUqntaCWu9sZbklJlFXZXLg7eKBcTRs4hdxeA/lSkH78mhnB/emMa/ERzvdgTidqFdR60c4O9DOjvVgJZxT3rkp2pciuFJFNgdg5SK4KaIUPupMiuHSDcZ4SpehJJTsWXEOE4JwM4Pb61mQyyn5VjKkkgeNgdq1/qi3Juun51uUE/t2FJTkZwrGx/HFYyvGG577KnB1W1YUjPkZFU8dh8V6RNbNfkxIjchRJBHbPemvVmtJEpwwWWQta05CtycUx2l6OltKZxUUg5ASf+e9cXW1RJlwXIjLdSFAEqCiCdvShTihX2PPLdR+JL+G+l4cu6oud1U0CCChG2cirrtMSU1AbKIzTqmVqUlCsDbwR6HFUZo2Hp5hk/4vOdSgHJy6oEfgauHS0TT9wjIctN5nKz2KZRPj0NL5u6G8ahR09Mk9qu8CbIUxktSW1cqm1jBBp8U8A2RkZqvJmmpMXV0e+NXGW8zhKX2nVA9vKcD8qfbveGo/OpYKUpG2dgf/AKdqCn3pArFITpkuzHzjlVIUlBB7pSAP7g12sVxZ4iodqYYcGHAnmWPRROT+ZpZwb06lpaMu3umwR0d6GdFGODvQzw71CpZ6hSZH/qlVb70mabAiatxSah7Uor07UNPlR4UN+ZLeQxHjtqdedWcJQhIJKj7AAmuER0oZVgd6yJ9pSzJsfEKXIjoCYs/lkDkGCh0j50n6kE/eaaeMHHTU2q7nIhafnSbNYUqKGkR1Ft6QntzuLHzDP+gEAecmmvSrS5vD74SXzLK33VpLhJJBxhWTv3zvV6h40qZMVfdpzJGFXd1CiAo4wO2340/6NvCEy225RLiSobA1E7tCeivKbcB280LGfW04ME7diKNWKbnopPIvHfZoeLa7PqHoks9OOgnnCflJP1qydGtWmz27EZrpIKSoKWBjAOBWYtP60kQG1tlSuRaQNlYP1qQM8UpwhoYTHX1EICR0+2Ac5PvtisyuJk9fo11zcTW/2XHqLWKmLmmNHkFUhJOxyEkbj79vzx7UTpBL2qbom7Skq+BguZbyPlfdx3B8pT/f6VUPDbTt813qATp0p6LbmlZdcQo+f5EZ8nG58CnnhrxuYtt0VpfUsZhi2sPrjxZsdHKGUBZCQ6kbEeqxv5IPerRxtNpdtC2bkvxW+kzQK+5pBwUtzJUkKSQpJGQQcgg+RSLh3rjBIQcFDO+aJXQzlQhZyqSJwKrXVnHbhpYUuIF+F2kI26NtbL2T/Xsj/wAqoXiL9pHVl7K42l2U6dhHbqJIdlK/3kYR/tH308sdUK1klGn9ba30ro2KH9SXqLAKhlDSjzPOf0tpyo/XGKzBx546jWdqXpzTEeXCtLiv3t9/CXJaR2TyjPIjIyd8nbOKpO4zZlxmuzZ8p+XKdOXHn3Ctaz7qO5oUnFHjCp7YC8zfR6gArGfWrR0o/wBaC2BskoG3pgY/SqtBqe8NpSVtvMOKGEkb/wCkn9D/AHqnKncbD8G1OTXySyVp9NwjqKUAqHbIqFz9LLalllSC2sVc2m2QFJbUjPN5H604X3TLMpIdDaFlPgisyORUPRr5ONGRbKs0vwtl3dYxOLIx5RzZqzNPcFrPbUpfnvvznBvhQ5Wyfcen1p80XZlw5CX2FLQD/EgnIzVghlTyU9QHI8ZqmTk5K62cnjY47SA7HbY9rtaGIzLbTaAeVKU4ArH/ABi0irSWsHmm1KXEl5kMFXcBSiSk/Q1td5rlSlAx9KzJ9raXFVqS1W5pSVSGGFLdA7pCjsD+FE4LpZdL9gucprDt+16H7glxesUXS0PT2qZzkSVE/YsSXEEtLa/kClDPKUjbJ2wBvV2RpUeZFRLhyGZMdwZQ60sLQoexGxrBY7U8aW1XqHTEjrWO7SYeTlTaVZbX/Ug/KfwrQy8VU9yzKx8hz0zbThodw1R+kvtANr5GNVWkoPYyoO4+pbP6H7qtqwahsuooXxlluUea1/N01fMg+ikndJ+opK8VR7Q3GSb9M//Z'),
(2, 'Sneha Gupta', '7777722222', 'sneha@gmail.com', 'female', '1995-08-20', 'Sector 4, Rohini', 'Delhi', '2025-12-18 17:53:27', 'data:image/jpeg;base64,/9j/4AAQSkZJRgABAQEASABIAAD/4gKgSUNDX1BST0ZJTEUAAQEAAAKQbGNtcwQwAABtbnRyUkdCIFhZWiAH3wAGAB4AFAAVACthY3NwQVBQTAAAAAAAAAAAAAAAAAAAAAAAAAAAAAAAAAAA9tYAAQAAAADTLWxjbXMAAAAAAAAAAAAAAAAAAAAAAAAAAAAAAAAAAAAAAAAAAAAAAAAAAAAAAAAAAAAAAAtkZXNjAAABCAAAADhjcHJ0AAABQAAAAE53dHB0AAABkAAAABRjaGFkAAABpAAAACxyWFlaAAAB0AAAABRiWFlaAAAB5AAAABRnWFlaAAAB+AAAABRyVFJDAAACDAAAACBnVFJDAAACLAAAACBiVFJDAAACTAAAACBjaHJtAAACbAAAACRtbHVjAAAAAAAAAAEAAAAMZW5VUwAAABwAAAAcAHMAUgBHAEIAIABiAHUAaQBsAHQALQBpAG4AAG1sdWMAAAAAAAAAAQAAAAxlblVTAAAAMgAAABwATgBvACAAYwBvAHAAeQByAGkAZwBoAHQALAAgAHUAcwBlACAAZgByAGUAZQBsAHkAAAAAWFlaIAAAAAAAAPbWAAEAAAAA0y1zZjMyAAAAAAABDEoAAAXj///zKgAAB5sAAP2H///7ov///aMAAAPYAADAlFhZWiAAAAAAAABvlAAAOO4AAAOQWFlaIAAAAAAAACSdAAAPgwAAtr5YWVogAAAAAAAAYqUAALeQAAAY3nBhcmEAAAAAAAMAAAACZmYAAPKnAAANWQAAE9AAAApbcGFyYQAAAAAAAwAAAAJmZgAA8qcAAA1ZAAAT0AAACltwYXJhAAAAAAADAAAAAmZmAADypwAADVkAABPQAAAKW2Nocm0AAAAAAAMAAAAAo9cAAFR7AABMzQAAmZoAACZmAAAPXP/bAEMACAYGBwYFCAcHBwkJCAoMFA0MCwsMGRITDxQdGh8eHRocHCAkLicgIiwjHBwoNyksMDE0NDQfJzk9ODI8LjM0Mv/bAEMBCQkJDAsMGA0NGDIhHCEyMjIyMjIyMjIyMjIyMjIyMjIyMjIyMjIyMjIyMjIyMjIyMjIyMjIyMjIyMjIyMjIyMv/AABEIAIAAgAMBIgACEQEDEQH/xAAcAAACAwEBAQEAAAAAAAAAAAAEBQMGBwIBCAD/xAA5EAACAQMCAwUFBwQBBQAAAAABAgMABBESIQUxQQYTIlFhBxQycYEVI0KRobHBJFLR8DOCk8Lh8f/EABgBAAMBAQAAAAAAAAAAAAAAAAECAwAE/8QAIBEAAgICAwEBAQEAAAAAAAAAAAECERIxAyFBURMiMv/aAAwDAQACEQMRAD8AYW8ty4SWXSYySNSqVz5ef5UYiloCWCuwfOpQQRvkAj60x4RKRwy3hkQYUafFvg5ph3sCOyAKXAJC6f2qqcUxGpMSGNSyvIh3O+a6mg8ErRjcKCMj1/xT2ICfxSWxUnYaTzqSaygk0KA+D+LG+aTGL0PnJbQstLYJKzKS9PEsgBrUkciPSv1vwyI6jHIOXRv813dPc2NqZGMAhQanZ2KgL135VqdGcrZypkVsBiR0FcTShjpkQbdVG5rNOPe1FWneDg9vrwSO+l+A/IdfrSuXtxxiLhDPHOGuXkzqZB4F9BQjd2Fxs10i3aMrpIBG4IoBrKC5g1xvoGOWSKpnZ7t3dToq3+LhTsSqaXH+flV8tXgvIjNayCSFkyMedM2/QqK8Yq9zuFjIYqy42YfzUTQyKGzFzGxByKazB4otSbcjjoa8uYG0pgkEmkco6oooS3ZX7jR3SrnDDmCKCdlaLEbA42yDT65ZdTK6BtJxSuW0gdXdE0nnkUXGPjFue2gBoT3OC2oE7ihHhVS2FB3xinS2R7tWWQN1waX3ME8bF1jVhnoa1S8YtxexxaXkcCxRsVwzMrEsRg+gxjr50w72KW4ARw4GwPIH5HkfpXp4bbt93blgST4M5AzU72a2dowY5iRdZUAZ/wB501Rb6ZNuUfAyzAk7qRfhznI/KmHdYuN+qUksrFJQPd1dIw2xDkAE0ziWWGcRyzAOx0guf2PWjhRv0s7TSIn6Adaxr2ndsJLviJ4FYyH3aD/n0n4n/t+Q/f5VpHbPjR7O9nLm7jYd8Bpi6qXOw/Kvm1ppZ5pG1nUSXdzzJ6/WpaLRafYztrRiytIrOp6DO/8ANWa94NxFuCQNFaSMpfU4Rd9IG38089n3Y9Lrh8XE70au83jVvLzrVobWFIwgjXSBjlTJtjYpbMI4VdWrN3EWqO5UbxSroLD08/3q69meOiyuoxIStvMdEgb8J8z8qE9o3ZqaCX7S4dDpA8eUG6sOo8qp3DONLflmkPdyumH6YI6/Q/pTxlfTEnCu0b7NbC4gyrZTnlKHkdmdQGU4PJtqU9hOPfaXA/dJT/UW50nJ3K9P8fSi7vT7xIWzgHFTb3aHhFvpMEvIphI7CPOeQBzS+FWOoOrplTkEU1TxYIcgCjmiT3RpCoJFa4vsLzj0JYwDEuGU7YzQVxEImGGHi9aYXdsNCEIBqPShp+Ho0YXUwbnmikt2SeXwb2waHiGps7k7kefnTC6miZNJxryOtLE4eImTuzIXAxjvcbefOiRZyFFLI2xzpZs/UedPCFPYnJyZeEnD7rXKIdgEA2HLJ3NMLhldoRnJDZB25DpVdt7G+hkeW3mAyxP3kXL06GuuM30/DeAXl/cSpD7uved5FsQfUH9utFxexXKLpIzf2wcfFxd2nBIW8NsO9mK/3H4R9B+9ZtY4lfuiQvfMqZJ6E/8AyueKX8nEb6a7myHnbWR5Z6Ub2bsp7vi8SWwXvvij1LkAjlkeVQWjoS7pH0NwS74ZBw6C0tryCTuY1TSkgOMDFF3naC04XbmacOV6BELE+gArO7Xsbx1LmO5u+JNJKuCT3Y0j9BV6m4B9q8CiUs2sqVcqcZPKmdllj6RW3au041rtzBAqsCO7e4XvT/0/xmsE49bng3a28ghBUJMZIx+uPrW18K9nnCbS9W5msl7xCGVwx2I8gMVRvbDwSKz4jZ8StsKX8BHmRyoPpiyjcQPs9x1uF8TjvEci2lwSB/afL5fxW2QwW/ELcTozFJVDBhXzlYSLdWxVfix8I238sfqK33sPdCfsrYuJNWYwDnmcbfntTOVEasM9xSGQjvDjyNQXNy6wtCiBgeVGXgSW5OSML61GsayxBlUrz50rmtUOuNtKWQq72R411x4AO1QPexhmEiMuOtOljX3coQNjSu/hTuDtRuL8FqX0/Oji4QAsj6R4s8qnljmZ0Zp3Cg4Vc8yetKI+IXuhUMdtLI2+dZBUfIjlRkc06RJJcHKg5ycDTz2rRhKwSnFroMt2aaYiOTUATuNxtVA9rfv0/DLPu3cWRdu90g41gjTn054+VW6wb3C4nca5TcMXJyAFJ9KrPtHeBOyUjXEPeTd4qQtnZSdyfngdfOqNNR7Eyi59GLjCDLtv55qz+zu7QdqdD7ZiJU+oNVKVMuBTrsVpi7Te8ya9FtE8pC8ztjH61KrKxljJM+jLjiKmzjijOp2Hn0rqw7RgwJaRcPmkZvCwJ0ketV97NuI8OjvOGX7QvoDK6AMrA7jn0Io+1MYULJDcd5jfE7Yz8gBt9aVNtHdjF+DI8SubGcW9yS2d0Y8yKoPtc7y77PxS4wySjSKvcPA7ZJTfnW9yQAzuxIAHQDkKzb2mcYhldOGphjGjTSb8sDAHz3zQ7ySJzaUXRnXCpUeQENplGMjz9RW3ez7i4m4WsE0OnuT3epBtk9GH151gUKsjoyEh1OQR1rWfZ1fp38quNblBqjB3ZcYJUdT/AL61RtrRyqpKmavNZQTTKTnY/FyqWSOJVIEwG1ewuj26sr60IGG865kVMeJhWydC4q6sEkhVUUpJksdsGl9whwY2wM0c6quGB2pdM+qU752ouT+AjBd9gDTsUAKrgAYBqSNTKznfI54P5ZobAchULHffY8h5f5phAkscI7xSqsMgY351Pj/TZflfF0iIyuvgaPKgciM5/Osp9ovGZ7+7t7Z5FW2iJZYlOSW5aj/H1rSr4XzBhEwhyMK5BYj1/asb7TcHlsB37ay+SsxfcrJnnnqDvg1X+0uyN8d/yV7oWPM9Kk4VxD7Olvn8Wqe1khGB1bA3qFHZRljkeRr24CKisMFzyA6UoC3ezztdxDhfE4uGau9s5M4jc7qeex/Patlh7VW8QwLQ56ggV8/dkbZpO0duQDmPLn8sVtcVqt1Eki7HABqcrT6OrhaaphHGO1d3dRd3ZwrEDtqO/wClZb2ltJUJldmLvnWzbls88/pWqLwtF8WOXU1nvb+VQncxkE5BJHQZpYW3bG5WsaRR7eLvUCcmG3+CKuXZu5fhcZu5rIywFtLyD4Tj5bo3Ig7VXOGxRSzoSCdR3GNtXStK4dw1LLhEnD0mkficsgNtGBmOVG8Ln0xg55YzyqzTejmjS2XXs9xRZ7GOSG4S6gdjnWwEinO+cbNtvyB51YxGkpGpeuKwz7dTsnxSKSwaKW5gnkS50PqgmG2APl4tx6UdH7ZeKrKDJZWLac+AK6gfXUc0Vk2LLFGtTwhopsbBOQpfJGU0kIGYrk+lV/gHtGs+0E4s3h90u5CQqltSOfIHYg+hH1NWWVrgEnQBtitUlsFxekL0toZYwWXIPLmprxLvuPAgDFfCVcZx9a9si62yGR8tgbdBQtyyRNK7kYHIDck1L9J+F1xw9JHu5ZMZKjcA4UUt4xwWy45YXVtcQZYISkh5qd8HPzxUs99Y2sBaS6iBO+C2+3pWa9ru0d1xC8HDLWaRIEyZyr4DE4wNumOYNW428HZzcqX6LEpt7bd3boV30nBqBIc4ZvpnoKYXDeFERQQTpFeS2/h0cvDk56CtQxYfZ7bLJxe5kIOFjABxyya16yszGRo+F+Y8jWJ9ke1sHZu/u5Li0kuY51C4RwuMb9avUHti4Tb7Lwa7/wC6lDG0PGaiaDJatoOs4UCsW7bcUt7zizWVrgrAfvJB+J+o+lPOKe2ZriCSGy4OItYKiSWfJXI54A5g+tZxbhpYSUDPKCSRnc+dDGgueR3a3EkF4wjO5/CeRq3fbM17a9407EoAGz4iAM9efXBFVU2TqPeshdK7KetRRXrrIGUkhhhx0yPL6UboRBTrBNIe61RFpBqiHw523HUfKlk793M3ibbYkeWSN6muWMdyjocHWCP3oe+P9TJpOVfBU+fWmj9Fl8CLO4ZNL96ysp1KwODkHO371v3ZLtQnabgaXUzAXkX3Vyo2y2Nmx5MN/nmvncMojx+ICrV2H463CePRh30wXAEMuTtgnwt9Dj6E0Zq0LFtM2FRAI8CI4AxuxP71wzozMVRVCnbw+lcJIBC2dutRQyFSckAMxAHXPrXLHlk02dsuCCasrvaviUfD4HlWGPvcYB8z5f75VlTXbzyuXbZ2LMQefpV29oDlruNdwoViB0J5ftWdI3ixnaqQlJrtkeSMYypIbwHX95+FeX/quLiYspjjbGdyaHMzaERcAbgVCc6m54AyduZqmyTdEZjGr4uZxtivxAzzzvz512Y/EnTA3OK6YEKxxjHSmoQgLADUPOmduDI0ckDYdsA46EUC6gruwBO4pxwy3jW0GuXDEnVpOMD5+dZoaOxjeI08AEaDM2F1MdgeuPP/AHyoB7aONGK/8aDTq/u+VNZ7zTBFbxAQxov/ACEcif5xSK+naZY9A0W+MKvIkjY5rUrGcga4Zj3x8OUlGw3AGCNqDLMMIxzjYGiMBI8qudTHpzPlQLv8OOedxWYhIXzuADjPpUiN49JPNTUCEl2U4GV5Guh4zFjyI2rIzPocWEzIPvZNWMHSMfpUh4cvdhXLA5wCWOfrRRmRLlYhzDc886Hu3YygD4cbYrnzS0jpwk/9MovbPhcQyVTxY25k5xWYRrhGbyFa52rkdxlsAKAA3nWWiIZeAHUWcgkdADVE8kSaqRGFARST4gNxXmPASd886lnK+8SBeXT0qEODsCPWqpUiTds7I3APPnmuc+Ib7da8LEgjAPlXgbbG1Ex+YAAjJxnlTLhkh7oZzq5gdB6n+KUkkgjWefIU44aQqBVwMkZNLJjwXYwvJ40hSBULFz1Y7+ZP1/aguKP/AENiiIqs3eSaVHmQP/Ghb0Sw3syz7spAweWK64ngXiDBCqoAxtj5UUCX0H0hEB0MN9weVAXaBJA2kqTz3o4lMfFJuep2oW8B0bkbVpaEQOHJKnYYronPLpUStjrtXWcL86QY/9k='),
(3, 'Vikram Singh', '9999933333', 'vikram@gmail.com', 'male', '1985-12-10', 'Electronic City, Phase 1', 'Bangalore', '2025-12-18 17:53:27', 'data:image/jpeg;base64,/9j/4AAQSkZJRgABAQEASABIAAD/2wBDAAQDAwMDAgQDAwMEBAQFBgoGBgUFBgwICQcKDgwPDg4MDQ0PERYTDxAVEQ0NExoTFRcYGRkZDxIbHRsYHRYYGRj/2wBDAQQEBAYFBgsGBgsYEA0QGBgYGBgYGBgYGBgYGBgYGBgYGBgYGBgYGBgYGBgYGBgYGBgYGBgYGBgYGBgYGBgYGBj/wAARCACAAIADASIAAhEBAxEB/8QAHQAAAgIDAQEBAAAAAAAAAAAABAYFBwIDCAEACf/EADcQAAEDAwIEBQMBBwQDAAAAAAECAwQABREGIRIxQVEHEyJhcRQygZEjM0JSYqGxCBXB0RYl4f/EABoBAAIDAQEAAAAAAAAAAAAAAAMEAQIFAAb/xAAlEQACAgIBBAMBAAMAAAAAAAAAAQIDESEEEhMxQQUiUTJhsdH/2gAMAwEAAhEDEQA/AOqK9T+8T81BM6qtXlD6p9LC+oVRLGorQ+4kNTG15I5KrnJMIsJjKW8sjFRz6EqJRsCR1qRfd4bUXkfy5GaWrW7Jubby3BhSScEVj8qGWaNE/RH3t1MGApxwbp3BpHnahttzgDhcCXUnkT+f85p6vrgkWdxlxI81HNJ61zH4tXZvTduL0NwtSH8tt8BxjufwP70iuP1yUUdZa14JLX/jWjTcV2x6fk+XL5PTUEEtnqlv+ruelUVN165c7h9TPDs10cn5TqlqH96r+bMkTJy1urUolXM0dGhzJCvMZjrLaeX/ANr0NFEKIpIUnOVjwh5b1KJKCGni2VcwVkH8Gtg1A6yQmQ9xJ5bq4jj5pTFnnOs+YWS0CccSth+O9YvaeuKUealsrAGcnNG60V7NqXgf7b4hXCxT0PRrhICMg8IeIA7Y7V0/4U+McfWccWm5uBdwSP2biyMuDscdRXCbKC6pQkFIPJAUP7mmDROpJWmtUsXFp4s+Q5uUjIxy5VWyGVlEQn6Z+mtvwU49Nb56Qm0u4A5dqorQ3ijEuqwpjUBeX9y0upAPvsBkD9aupc+PN0957DoWhaArKdxvQ4v9CS0tCkylRKwRtxdqNjKDUhCiAMEHb5odpQSlRzjKq+LmVbU3jKwLeGVXdUvyraLq6ClJHqAHWlyPOciSQ8y442SQUYOwOadNOIkv6MIlYW0UYSldVxdWn49wWkhYCTsMfb/3WdNOOGCZcVr8V5LVt+jvsLJ4cBbZzn57UdB8RItiSpYt8h5t07Dh3FVbZVOT2UqcbU4lG6VdT70/pg/7tHaQw2CsjAA7dz2+aWmurY/TN40Q2rtb3e7q+pt0dEVs7ZO5/NckeI2p7hftTvtylcSIzhaG+Rsdz+TXVt2h26z/AFiJLhKkoLnljlsCT8fNcR3Weqbc5MpRGHHFOfqatwq/s5lG3nbCbBZzebu3HSD6iNx810naNC2+Jp5ENxvClJGVgDJOKTfCHRaWbc3eJ6UoW96kBXRPPNXSiXaeINi4xln2cFGsm5vET0Hx9EaIZs8sWYeh7eZyZEphlxSAEpzyH46Vsu/h5HuccoS+UIzkobwCr2z0ptQqOvHlvJV7550U0435/lhQKu2aE8/po4i/By/rLwxvUSSqRbrY4Gkcyk9Krc8cR1bSm1eYDhR61+gLNuYlRlIeQlQWnGDvXG/jBpdelPEiRGKeBmQfNaOOYNF417lLtyML5LiQgu5AB0jqSVZb0xMYdU1IbPG24lWOXQjqDXaGnvFKdM0HFdY0u4tl1riDyFpxnrjJzzzXBtmbcnXeNEZSVuLcDbYTzyogY/vX6QwNAN2bRbEFlAZS0wlPCnGx4RkfrRZqTaaMpvQq2nUT8tpa1wls75wrcipeNcXHnMBOD8Vnb7a3FjOpxvvWDSA3K4h7U5DKWwBWGldQCRA8h55aC2MAJ5EAbA+1G3V+Nc3kqbilpOOErKfu9qUNEPNxFuuPqBTjcnlmnu5BlVnTLbK1tY4iQNlfikotyh9iiZhAhtSklmGtLXANz0Pt803QI5srLbcRCnZT3pAzkn3Pb/FV9AuKly25DTK0tKBQlR6jbl3HzvTOzdlW+4OMxnw48UbuKOeEUrJjFbSI3xRtzFs0Nd5S3RIukiE6nhRzBKTyrhq2Q3LneoVvQCC+8hBGN+ddUaqvD8y9LSt51TYUeNSjzPaq3XpBu2eLGmJ8FgIgSzxpxyK0q9Q/uDVePek5RGuLV37Nesf7G7WcVu36ejQXpMiNCaQAsRgeNzAwAMdKqCc1aJiz/tbd4YcSCoOOKIBA57V1tIssGfB4JQQSRjc70h3bQLbMlTjU8paG+FJSo/riurnKKyz0lnFVzEnwvcuCiWEXR+QjYJbePI9xWzxH1DfbPefIiXQR1hHfkacdH2WMxe+Jg44cniPM4rPxF0Ei73v6ltLKnFIHpdScK9sjlUdTUlJhpcZdvtxEjSOtfEv9k6nU8OUNuFlzcq64zivv9RDy7zozTGqZEcR5bqlNPIHQ/P4po0f4SxVy23n7e1GKFcSSw8oEnpkcjWzx4tyFWPTdjdRxByYQU474SMfrXOxq2LELuO1S4e2KH+k/RLOq/GxF1nMKchWNn6s5TlK3ScNpPTbdX4rva5O5tTwzyTVCeBsa1aLYn2yzsIUH5CnJDyealcgPYAbAVcNwvlvRaXi7IbC+HPDneno2KSyedeMYERd9DHnlaCG0qwVY2oWPqC2yXMIkJ4uu4oCZcWZ2kJq2WeSlYUKomyS5RusjLq14UdivYb10uX040WhSpvyGuuyoLTbIjFCUqyoHbixRE7Wd5ethYjoxGSOEjGc96P1nc4UxtMi2epzBC0jofioLSDUyal7zUtuMoyCgikZSk30piEns32fV08RA2VcXl7Y5Z7Z/7rYvWc5F1cnlhJUU8IQDtUa2yy1dpRQ22lAUMt8hg1qugaWr9iyW2x9yzgde1LTbQTeNBD8t6VxzXt1Ob8PQfFMFouNsfbsdu89KpzXmu+USCQATv7bUgzX/ACm0tR5JXtyJrXY5q4OpoFwfUeFl0hRHRKhwn/NDrl0yyxjgch1XL/Oi27zqdq2xFSH3MJGwxvk9qTJF/nXRz6l93DCTkR+LHGPemSbEhTGHUvp4m8+Y2B3pYh22+wdUOW2RdYiLa6kmK7IZGx/lUqma/t5PbxmStk1ww1M842j6cJVhIQQQoVM6h1s1f4i5dst8qPNilKUrWQEOpHMYrbG8N71JbbUyLHJ8wLXxNOFIHDy3HeljVEG+aclRICdPQJ0iU5wluPJVxJ9z7VMnJyLK2D3HY6aK1vHmpQogJWFcK0HoeoojxAjWy4S29V3DiWm0NhUWOB6S8tWErV3x0Hekmwacctl2XcArhLykpLSVZHFUdrPVcyRdpVjRJ4oDK0jy04wVgbknrg0vOxt6ZlfK8tU1Z9vwFWXXVystxfdiLSlL/wB+eXzTVpW8SdR352JLuJ8x5PpwdvxVVNrD7P2JAT25026Ps8m7uqm26V9KuLhQdG+SN8YqePOXVg8fVNluSNFvW/Q8la7g4VZUcdOXSuf2FebKdQ1xp4VYI/NXXKnX+bo2S68+lASCFBRyT7+1UvamkfVPqW9sV525neneRFSSNGnof9aPV3IyG8JbIzzPtRNom/SuHyuINr2WBS/EdUXEFRHDyIzTnppcAKcjvNhSeLKk43IpeEX1eTKUXnZD3VaxdWZsUnyeIBRVv1963ajfdTHbeykNOgAJSf8AnrTFqGJFgsKkRWElpJStKMbD9aVX5jV1s63ZJShSVYQjO4HSus9phVLWBfcSpJOCSf6ayiIWp9ttafvUAf1re1EdJJzwpVslSzgfqasLSnh55tsY1BdJjbkVR42WWjlTmDzJ6JyPk0GVMv6a0N8fhW2Ti+nR82tUW5OW14kFs5QSfuSetSrwjPQ1MymS4nmOtAattzz7aZcTKZLR4knuOoPtUbaNYQc/Q3RQjyUHB8zYKNMVwxs9kpqOyTgXByG8Y0dwN7Y9O2x/xTFDYtzEZT7TIXKdGVOq3OKiYtysXmLeS60QT6lGvH9SW3zPp7csPuLPCODlk9B3oXItaWgqnF7B7rJmwbVNnQ2SsMJGSOSSpXCD+pqplecqe4rylrUs5Uee56mulbbpVV10DOsy3kNS5qQouqHpCwQpI+BjH5qmZLcaC+7EUpH1KHFoW2vZQUg4UOxxj9KFx6ZzTwec+Y41101KCykLDUKc20sLIDZ396dNBCZJlqbZuf0TCTw8AIBUcVDqn4huPqhp41KGM8se1E2u9Qk3Nh4MCMkD1KA2JpiC6H9jz7zXpofpUWDb7PORJurzjis8B4vTy6VVUFcKJLWHlFQJ71Z1ziWW52BUluUESEghYB+73qsbpYpEVXmsZdbVuCner3Jv+SHa86JWbppp+/MGEr7sHHT5qUiRBD1GlqYoIDqsHg5nHSom43Zy0tssziuLMB40NgYUpPLO52FLVx1bJcleehZZcA4QUHcD56finocVyw/Brcf4yy9Kb0i0PEKdYYmnI7kWezGfAw5GUSpwjrkDkapydqZIty1w44b/AIEuq3Kj3xyFRE+UuWDlZUVHJKuZPzQDnpjhhXIDPPNNLi1wecbNKrg1VPKWWEyL1JWny1PuKCTlBUonfG9WT4T+J6Yyf/Eb4/iM6smI84f3ajzQfYnlVROtlQ696CdRkDCuFY61NkOuPSxh2TWDsuSwh1okAEEYBzmkTUWlYUt4uuMeo/cQOfvVf6F8a37Gyi0apYdlxUYCJSN3EDoFD+L/ADVsNa20DfoYVF1LBbcI/dvL8tQ+QrFZNtU4etB4WwkJEfw3M1KnI8s8IP2hRAA+Ks3R+jIdkbQ84Q89jCVKT9vx2qBi3DT1vlKljUMBCDzP1SMf5oa9+Oej7HH8u3vKu8sD0ojDDef6ln/jNK9m214wFdlcC3bnqG3aT029erk6ltllPpGd1r6JA7k1yLcb/Iueq0y3iQ49IW+vh6KWeX4BoTVfiNqHXFxEi4uBthr9zEbOG2vf3Pud6X4ckuXpjBPAhXESeprW4fG7O/bKLkJYS9jMjUcuKVqKuJOcPNHdLg5Zx/MO9TEaVbZikByWISFnCXsFTWfcc0H9RSVKV5he9zkULCuC40ksqPG05zBpuymFmpoz+RCuxuNkf+lgX6TedOR0lSiWV44HmzxNrHcK5VvsWr1mOll9XEk7gHpS1bNTTLSkxHCiXb3D640gBaD+DUwmLp69sLVZUm3S0gFDZcy0o/yjO6T78qRs+OcFisXq+Kq6008r89kPqS/vX2/yLjNdK3nTknsOgHYCogyy8ClZ/aI5HuKDKyoKOc53oV18tKQ8P4ThXwedaK0aNl354DnJCggDNDNrJkqSVHcbVk6BgY5HcULxFKwsZzmuBz1skC5wtjKem9CucKumN63r9SckkUMU7kE12C7WgZxoLzxAK+aGLAzjcf3o7hJ2zWHD3FUwLSrWQERN/vz7YralhIVuCfk0QEAHNZYFTgqqz4FRwnYCtscluUlfXBrAA9q+yePIrlouo4eSR4iWCc74qKdWUvpztg0a04SkozQEsKwF/mrkX5wmFOSFJUpOxFHQ5jkRpsoUQpas7dhUK6oFYIP3YNEtqKrwhsK2RhP/AHUFarMSTMkvYXvyO1DyiClSfbavnlDiIAwf80I89ljc+oHBqrZFk9Eg27/69onnwgVksARk/rQzW8doEgAJBNbVPIdjenACTjI61ZBOrMQwniZTjqKx4fTmvEEfTo5cutepPvUjP5k1AYXmvnk+oHkK9WRwnv3rNQCmOfKoZGM5BgN69Iwa+VhIyOleFQwDjeoYJrBmk5GcVjy3r5JHDsa9/h2qCD1KsEHtXq0edFUQBlJ5Vr647Vkgn6N1ST6kqBqcnNdWmAHPlIzzQ4B+DyrNh8NynXSd0gkfJrcQ07I2wlR+4dPmo9hQceKlbpzxEd+wrsiUvq1g/9k=');

-- --------------------------------------------------------

--
-- Table structure for table `prescriptions`
--

CREATE TABLE `prescriptions` (
  `id` int(11) NOT NULL,
  `appointment_id` int(11) DEFAULT NULL,
  `doctor_id` int(11) DEFAULT NULL,
  `patient_id` int(11) DEFAULT NULL,
  `diagnosis` text DEFAULT NULL,
  `next_visit` date DEFAULT NULL,
  `created_at` timestamp NOT NULL DEFAULT current_timestamp()
) ENGINE=InnoDB DEFAULT CHARSET=utf8mb4 COLLATE=utf8mb4_general_ci;

--
-- Dumping data for table `prescriptions`
--

INSERT INTO `prescriptions` (`id`, `appointment_id`, `doctor_id`, `patient_id`, `diagnosis`, `next_visit`, `created_at`) VALUES
(1, 1, 1, 1, 'Diagnosis: Mild Hypertension (High BP).\n\nMedicines:\n1. Tab Amlodipine 5mg (Morning)\n2. Tab Pantop 40 (Before Breakfast)\n\nAdvice: Low salt diet and 30 mins walking.', '2026-01-17', '2025-12-18 18:02:51'),
(2, NULL, 2, 2, 'Diagnosis: Seasonal Flu & Fever.\n\nMedicines:\n1. Tab Dolo 650 (SOS for fever)\n2. Syp Cetirizine 5ml (Night)\n3. Drink warm water.', NULL, '2025-12-07 18:30:00'),
(3, NULL, 1, 3, 'Diagnosis: Gastritis & Acidity.\n\nMedicines:\n1. Cap Omeprazole 20mg (Empty Stomach)\n2. Syp Gelusil (After meals)', '2026-01-02', '2025-12-12 18:30:00');

-- --------------------------------------------------------

--
-- Table structure for table `prescription_items`
--

CREATE TABLE `prescription_items` (
  `id` bigint(20) NOT NULL,
  `prescription_id` int(11) DEFAULT NULL,
  `drug_id` int(11) DEFAULT NULL,
  `dosage` varchar(255) DEFAULT NULL,
  `frequency` varchar(255) DEFAULT NULL,
  `duration` varchar(255) DEFAULT NULL,
  `instructions` text DEFAULT NULL
) ENGINE=InnoDB DEFAULT CHARSET=utf8mb4 COLLATE=utf8mb4_general_ci;

-- --------------------------------------------------------

--
-- Table structure for table `prescription_tests`
--

CREATE TABLE `prescription_tests` (
  `id` bigint(20) NOT NULL,
  `prescription_id` int(11) DEFAULT NULL,
  `test_id` int(11) DEFAULT NULL
) ENGINE=InnoDB DEFAULT CHARSET=utf8mb4 COLLATE=utf8mb4_general_ci;

-- --------------------------------------------------------

--
-- Table structure for table `tests`
--

CREATE TABLE `tests` (
  `id` int(11) NOT NULL,
  `test_name` varchar(255) DEFAULT NULL,
  `category` varchar(255) DEFAULT NULL,
  `description` text DEFAULT NULL
) ENGINE=InnoDB DEFAULT CHARSET=utf8mb4 COLLATE=utf8mb4_general_ci;

--
-- Dumping data for table `tests`
--

INSERT INTO `tests` (`id`, `test_name`, `category`, `description`) VALUES
(1, 'Full Body Checkup', 'General', 'Includes CBC, Sugar, Lipid Profile.'),
(2, 'ECG', 'Cardiology', 'Electrocardiogram for heart rhythm.'),
(3, 'Thyroid Profile', 'Pathology', 'T3, T4, TSH levels.');

-- --------------------------------------------------------

--
-- Table structure for table `users`
--

CREATE TABLE `users` (
  `id` int(11) NOT NULL,
  `name` varchar(255) DEFAULT NULL,
  `email` varchar(255) DEFAULT NULL,
  `password` varchar(255) DEFAULT NULL,
  `role` varchar(255) DEFAULT NULL,
  `phone` varchar(255) DEFAULT NULL,
  `photo` longtext DEFAULT NULL,
  `status` varchar(255) DEFAULT NULL,
  `created_at` timestamp NOT NULL DEFAULT current_timestamp()
) ENGINE=InnoDB DEFAULT CHARSET=utf8mb4 COLLATE=utf8mb4_general_ci;

--
-- Dumping data for table `users`
--

INSERT INTO `users` (`id`, `name`, `email`, `password`, `role`, `phone`, `photo`, `status`, `created_at`) VALUES
(1, 'Sravya', 'admin@gmail.com', 'admin123', 'admin', '1234567890', 'data:image/jpeg;base64,/9j/4AAQSkZJRgABAQEASABIAAD/2wBDAAMCAgMCAgMDAwMEAwMEBQgFBQQEBQoHBwYIDAoMDAsKCwsNDhIQDQ4RDgsLEBYQERMUFRUVDA8XGBYUGBIUFRT/2wBDAQMEBAUEBQkFBQkUDQsNFBQUFBQUFBQUFBQUFBQUFBQUFBQUFBQUFBQUFBQUFBQUFBQUFBQUFBQUFBQUFBQUFBT/wAARCAL/AuADASIAAhEBAxEB/8QAHwAAAQUBAQEBAQEAAAAAAAAAAAECAwQFBgcICQoL/8QAtRAAAgEDAwIEAwUFBAQAAAF9AQIDAAQRBRIhMUEGE1FhByJxFDKBkaEII0KxwRVS0fAkM2JyggkKFhcYGRolJicoKSo0NTY3ODk6Q0RFRkdISUpTVFVWV1hZWmNkZWZnaGlqc3R1dnd4eXqDhIWGh4iJipKTlJWWl5iZmqKjpKWmp6ipqrKztLW2t7i5usLDxMXGx8jJytLT1NXW19jZ2uHi4+Tl5ufo6erx8vP09fb3+Pn6/8QAHwEAAwEBAQEBAQEBAQAAAAAAAAECAwQFBgcICQoL/8QAtREAAgECBAQDBAcFBAQAAQJ3AAECAxEEBSExBhJBUQdhcRMiMoEIFEKRobHBCSMzUvAVYnLRChYkNOEl8RcYGRomJygpKjU2Nzg5OkNERUZHSElKU1RVVldYWVpjZGVmZ2hpanN0dXZ3eHl6goOEhYaHiImKkpOUlZaXmJmaoqOkpaanqKmqsrO0tba3uLm6wsPExcbHyMnK0tPU1dbX2Nna4uPk5ebn6Onq8vP09fb3+Pn6/9oADAMBAAIRAxEAPwDRz7U4Lk56Uyng4rI5wZeKkhPqKVRxmnLRZgBAPtSbadRVWAFWnUAYoX5qAHbaWiigLoKKKCcUADYWoXcEZpZHquz/AC1NwsxWk4qCRqHbFQu2aCopgzbqibLUtFTc1shAMUtA5pwTNIY0c1NEuKRY6sRx1VhXQscdTRpzjFOjQ1Zji5zRYjQWKLFWo4W9KSOOrUcfvRYzuhscZqYjPQYoUbaUjFXYVkCrTgMUi0tWSFPEZNAjJqYcUrAN2U5RSUq9aYDsU3bT8e9NJxQO4HjtTaUnNJQFxNtG2nZ9qKAuIBiijB9KCcUCCik3UuRQAE4pN1NL57UtADqAMGiildAO3UgGajLEVInIzRdCuIQRT4+KQjNKOKLoLhQBmipFouguM20ojIOc0+lz7UrkiAYpQM0lOUUrEgFzTwMUqn2ooATFLtb0pBycVMATQBHtoAzUoTPagRkVVgI9hpVU1P5R9qekWaYFcLikdGK9KtGPFMMRK0rDuZN1H8p96x7pDiuguo/lPtWNer8tSNHN3a4DVj3i8j2rcvP4uKxbtST07ZqTpiZch+cj0qLjOMVJLxIT61H/ABVNzUd5ftTdtSZPrRijQCPY3pRtp+Pc0ZGSMdKoBhGRikCYp/HrSUrANk9hTCMVLSEZpgREZoIyMVLspm2oIehFtpCCO1SfhTWJziizAbRTqaRiizCwKKdgUi0tBIxk96TbUhGaZn2qoJuRMjuPL96fT8UoXNMQi/cpRx2pdu0YzS5HpVAIDmlpAMUtADlO6nqNtRxipKACiignFArIXHvULNSmTFQsam4xryZqFj8tIzUwnK0FiSfWmE5ozSUGuwUm2nUAZOKgBUXNSpHmljWpo0oJuKkeasRw0Rx1aijJGadyBkcftVyOGkjiq0keKogjSPFWE4poQjvUgTHeqsTZCUn3qdg05RVWC41VNP2VIAB2opiFHFJRRQAUoOKSigBcmgnNJTguaAG0UpGKSgBRz7US4HSkc4pjHigBAxPenE5pg4pxOKAA8e9NzQHx1FIzbunFTcBaXdSDmii4EtFNopWAUjNPQYXrUdOHAxRYyH5oplPzSsAUA4ooosBLkUoGah5qZetMdx2KBxSgZoIxQIVelOAzTFz6VYRc0ARrEc5zVlI80qRE1PHHVWAasdPEIJxipliNSLFzmrsBB5RpUjx2q15YoCY7UWJuVTETSNHtU+1WvLpki/KfeixRjXke1W71iXi8Yro7qP5WzWFdrmoasVE5u8jHzVh3YIPXtiuhvE+9zXP3owazOiLRjTEbyPSmY5zT5h+8amVBoncKKTJ9KXFIoKTHJPrS4oPFVcBCoHamk4p55qMjNFwEpd1G2jbVAG6koopWFa4mKR0wc5p1M5pkibaay08DNOagCLbtopxGabUBYKQYJ6UtCr81bU/iM5Hd08DHemYoBzSsIVh70oOaCM0AYoAM84p9NC5OaeRigB1FJupc0ABOKiZucUMx9KhZvmqbgDNUTSUjNULNQUkKzio88YpCM0UGtkFJtp2DTgM9qm4xI1qVI8nNOSPFTRx0ibhHHVlEx70kcdWIoyPegi46ND6VbiTAxTY4RVlI8VVibipHipguKaFIp9WlcQYoHNFKBgZqrE3AHPangYoWlpiHce1NoooAKKKKACiiigApymm0BwKAHMPem00tmmeZ7UAOkf2ppfPakc5phYAZqbgOLEdqTcW7VEZs9DmmNMI/vsFHqaLgWaQnAqGW4O3IYH8ab9sjdggOSai4tS0pAHUUbuM1lXusR2eEDLnGWbqBXMaj4pNshO5m5wA/eqKSbO7NzGpwXCn3oF1ETjeK8nuviRcw5EDB1H8RXI/OsyX4wT2TfvEgn/3jU3HY9vRlk+6276U4NntXj+k/G/S5XC3DLanu6kkD8MV6BovjCx1eJWguo7knvGwqrmfIzoNxB5GKWoUmEoDBgQfz/Gps56UCsJGakqNODUlANWJIxTgcU1DgZp2OM0EkgGKXbupM8Zp6rQBIqe1Txx0iLk1YjWqsARrU8cdIi4qeMVdgHLHxmpBHinIMjFPCknFMm5H5RpfLqx5fGaAmaqwiuUxUUi/LVx1xUEowtFh3Me7jwp75rFvUya37zpjFYl6hBrKRcWcxeL96sK+TjNdFe4AY1z98PlqGrGsTAnGJT71HtqadCZDjtTCpHasjfYXFJxS0UDuGBULnnFTU0pk5oC4yjFLtPpSYoKDFGKKKdwGkYplSEZpMcZqgGUZHpTqbQKwA4pG6UtIwqbhYaOaCMUoXFIeadiRpGKkhA3getMIzUlspeVR0rSn8RnPY7jI9Kag5Ap1NRsNSEP20hGKXdSE5oAVacTmmrTjxQTcDxUZkxSO2KhZqm5QrSHOM1EzfNTXbBzUTvg5oKSFdsVF96hjuoWguwtFFKo3UDuPDA9qkRc01UqwiYqAuORc1Yji5xRFFmrMUeWqrEXFSPAzirEaU5U4xipRHu6cUWJuORMVMgzTRGRT1G2rsRcdn2puRS0/y19Kq1guMAzTyuBil+7SkZpiEWlpFpaACignFNoAdRSbqSgB1BIHek31CzGgCWXjoag3GkZzSA5qbgP3+9GRURODijdjrmi4ErOM1XlO4cHA/Wobi7CjYAS3tXFeMfHtl4atjJPOLYA4JLgEGk3YaTex115qcNqjbwS4/5ZqPm/KsG+8WCEFyI7dM42SH5s+47V8yeNv2lbuaWWPRchd237Q/368h1f4h6/rMsj3GpTsrHcw3dTU3NeU+4Lvx6mmyb5Nkyf3YmUn+dMtviZY3UvmQyhZAM4fAr4TttcvSwzcyc99xzXS6X4hu4XBeYnB+U96m5XKfYuoa6ptVkLRmMZdQpyXYV5v4k8YxW0s0skhYKvzZPf0Fecaf8RLmxgdGfeig7Q3OCe9cJ4m8YXGpTTAy7snIA9aLsaikddr3xOmlkZIjhP4Ys4A+tc1J4wvrh9yykD0Va45r4KWZ/wB456H0o+3yt91jH9KLl8qOzi127djlmBPvWxpnim80+VXjnktcfxxEg151FdXZOVmc1pWmoXaPgyMD6MKQWR9KeBvj5LZSJFqbvLH3nA/mK9+8M+NNM8SxK9tdRyFhkKD0+tfANtqcuAWjxnrsNdR4Z8W3ei3qy2F00LA5Mf8AC31q7mMo9j71jOecHGcZ7VJurxL4bfHaDWXjstVH2a5PAJPyGvZYLuG5jjkikEkb9GU5FUmmYSiyyDgYqf8AhqAc1KGytBlqPDZGKsIwPaqyirMae9VYZYj61djWqcY+arsdMCVFzUyLikjFTouasB0a1IEwc0sYp+faqsQOC5GKAmKcBiiqsTcY6ZqtMvGKtkZFVrhdvNSFzKvErGvl4zW5eDgn0rEvfu0pJG8Uc1fINrcVz16MjGK6e+XAcelc5ejAzXPJmsTnpztkbAqPJapZ0y5OetRY21mbBto20tFACbKNtSZHpTdtADMNTeM4xUx47VG4yfSgdyIjFJTmFNxQFwpc8YpDxRTuUJtoK4paDzRcBhOKQsD2pxTPemEYpAFRk4qQDNBTNO4rDKsWQzOoqEpjvU9iP9JQetXTfvGc17p2OaYGAOc0mTSYFMglzRmo8mhTt680ATDgZpjNTt3y1AxqbisJI49aiJB70sgFMOBQMa7g1Gx3UhGaTdQXsIePelWlQ9qeoqblDBycVNGtII8HNTxpVASImasImaSOOrMcJqCbixR4q1EuDnFNSPFTouKsm5IoHpT0wKRVqZVHpVWELtHv+dNIxUtIRmqsQRZPpU1GKKYARmiiigAAxRRRQAjUlOIzUe6gB1ITignFRM49aAHfjTDycUm76U3vnNZ3YDiM96T7tNJx3phYntSuA4tl+OtQ3NwYEAQhmIJIPYCi4k8qItkBgcda8U+Ofxph8Fac+n2Eyy6zOp3qOfKU0OVikrkvxh+Ndn4Et3s7RhPqXp1xXyL4r8Y6t4uvJLjULl5Vc7thbjNUdV1K51S8lvLqd5ppfvFjms52xxk1G50xiojS21ueR6Go92SQOc0xjk5Jz9KEbdwPlPqaVirE0DbpAD8tb2nAhgNwYHvWBDlJMOCR6iuj0wFlULIPoRTFcdq920FsxyOP1rk/th+Z+pNdZr1mZ7JmVgAOua4Vg6uRjgd6BFgXB70yS7lzhVBqDd8xHPBxUqxsDneKCxrahOvViv0NWIPEckDYkO+hIXLYCo31pGsonXkFG+lVYDoLDxJBMyr5zW7f3n6V0VlfqF3SAKn/AD1i5/OvMpbGSPBHzIO4FWtK1e406YmObKj/AJZt91vqKiwrHsFpdfIHWTeuch1NexfCz4zT+G5Y7HVC1xpknR15KfWvnjRNajuShixE7fwn7jf4V1VhOk/y4ZZR1T+9/jQ9NhOKZ96abqtvqlpHc2sglgk+66nIz6VorIMD3r5D+GHxRufA10IpGafSXbDxk5KH1r6p0TVbXWtPhvbS4WaCQZVh/nitUzmnC2xsKwq1G1UU571ZjNaGCT6l5DhquRnnFUEBJzmrkQyc0DsXYzVmMe9U4x71ZjNWZ3LMY96Mn0psYqTPtVEakgOaUAn2pV+lPIB9qsBuKr3Q4qwRioLkZWlYDJvB+7J9axL1OCM9Ditu7OYyPSsW+P3v96pkbRZz9+Mlx61zd+McV01+MFjXN6guDXKzSLOem++R6VEwqacYkaoiM1BtcbRS7aAuTigoXPtTttO8v2pGO2gBhGaCM0tFBNyN1x703Z7VNSYoC5WZTnFGDVkqCc0wgCgu5BRTmG3tmkIxQFxBzUbVIOKVloKIgMUtPIxTAc0ABGamslIuo8c1GFzViwO26jwKuHx2M5/CdNRSb6A+aLk2FJxSb6Dg96gLEUXCxOZMCoi2aYz1H5ntQSSOc1GTmjO6igqxHsNL5fvS5PrSk4oLsNCkGpVSgDPapkGaVgHRx1Zjj9qbGlXETFMm42NKuJx2psaipUGaVibir0zip0GaaI8DFPQYq7CJlWnBcUi9KfVWJuFFFFMQUUUUAFKBmkpQcUAN3UueM1GWxSFsDFK6Af5gqPdTM+9GPepuA4nNMYj0pCcVEzUrsqw48d6aXxSMeKYw96RNmPJz3qNmZDyRj1pGbaM1g+KvElp4X0W81O/lCW1sm5hnknsB9am5aV9jk/jR8U7X4faAzoyvqlwCttB15HVz7V8Satq11rOoXF5eStNcTnc7scn8K2/iB40uvH3iKfVbpiqOQsMfaNB0Ue3rXIXE4BwpzS3OlRSGzSc9KqNIS3U0SSMRknFRFxnnigp6g2R904+lIGOc43fWlaQD7qGmjfngYoJuWrdZA4AAIPvW9YQSKodT5YHdOa562YknKnJ6Yrf06dk4GUGM7jyKBGtMgltXVmVgRkA8E1zEmmLI77VOB1GK6aW4EkZ3KJSBjevUUum2iyW18QfnxkZ9KUtDRJM4K6t3jkbCbTu5B7VD5THptx6iuh1uIRzPxu7FvWshd6jHC+wFNNMdiJbGQpkH8RUyi8t/mGZPYjNWLc3G/ILY+nFatpJdFcTwLLH6incLGfBJHM2GVlI6gCmXeiCchootsoGTj0rePh+11XAtpfJnHQOcVR8i60u5MF7EYpDwrryGHpSHZGDazz2MuyVSiA4KntXdaHrTzQojNnb0mB+ZayLzTU1IOynNxGv3BWbZTyadc7cFFU4dT2oeoWR67p032oBkwHU9/wCP6V6b8I/iVN4Kvhb3DNLpU/yuG/5ZfSvDtLvBEFkR2ZOit/zzrsNPuftQPI83HzIOje4p3sTy859zWN5Fe20dxA4lhkG5XU8EVowndjtmvnX4J/Ec6RcxaJfzn7FK37h3P3T6Gvoe2cShSpGDyD6j1qlK5yTiaEfNXIuDiqcJ6e9XI/v1qZ2LUdWYxVaOrSVZjZk0dPAycUka+9SKnzdaoknVadSLTgM1ZI0jNVbkYAHrVw8DNV7kZCmgDHuxhWrFvuh92rbuxlWrGvo/l6981Ei4s52/53+1c5qAyM10t8n3+etc7fphic9K5ZG0Tm7j/WNUVTXA/eNUdKxuFA4OaKKkofk+tRuMnFSZpDgnNBNxhGKSpSM0ygBhOO1AOaVvpSAYoAWmEZp9LxQFyLbUbripaGG6gor0pOaGUr700nFA7i/epoQinDin5HpQUMHFTWP/AB9xioTwcVNYc3kdXD4rmc/hN/f70K1Q76A2KBFgvioyc9qaXzTNzetADmamUpOaQHNArD1POKKYODmn0DGMd3TinIpNKBntU0cdAXHJHmpUQinRrVhUoC4+NBVlVqJEIqdBmgm45FIOKnjHtTF65xU0ZFAh1KtNzSg4ppgTjgUZqLfxigPn2q7oVixRUe8UbxSuFh1FR76fkUXCwv40hOKbu96aTmpuwsDPSFs0EZptILCY96Zg+tSVHupWJEamtSs1NZqVyxhORilZqaTimt3GeRVDuNnlCKAerdBXyJ+0X8Tz4m1ptA0+UHTrE7pWU/6xx/QV7f8AHT4if8IL4TnNu2NSuj5cGO3qfoK+Hr67aRnG4sznc755YnrUGtNW3I7y6zlVOcjk1nueNzfkKe49OTUDtn71BqNY/NnO4e1NG3GW4PpT0Bfp8gpyWueApJ9TQBXZsdGp6gjqcVaS0BPzbR+FPjtI3x8/X2p6EpXEiglIDI2Qa19PfZwwI56HpTLPTVkwVZsjuvStm106XkjaxHUHtSbSLUW+g6WAzREomwYzheM1Z0PCs8ZTcmNpz6VZtbQ7SHRxxgY7VYgsGtWDqMqvt1rCUzaMPI5bWNPMjSOFIRG+UHvXO3UTxNg5LV6rPpQvImCANleA3BzXLX3hp5NzgBmPQUozQ5U30OL8xxyZCB6ZqaHU1h6M3/fVWb7QJowHKnYfSseS0MYJJ5Hat00zNxa3OosPENu52OTj/aHP512dnHBq9qscrLLGw3KTyymvIhMUYjysqO5Famja61jcBllaFwcgHpVtdhJ9zstQ0WbRrhC7FouqT4zn61UvdLTUlMq/8fGd2AOJB7V2Xh3XrbW4fst0q7pBgKfu/hVLUNAfRblFD7rGc4il7xt2H0NSaWOZ0C7exuxaTH5Ccpu7n0rsrSRtNmjL8QsfkkH/ACzPp9KwdU0M3kDSIAksZIYDqrdvzrU8OXY1GxeGXmSMeXKjdPqKCXqdZBcs/wC9BZZUbccfwj+8K+ovg18QB4r0RbS5IF/a/JJz95fUV8kaXdyQXBhc5kiXKk/xx9/xFdr4S8RXHhHW7TUbWQiMtyB/EvoaWxnOF1dH2rCTx6ir8Ry2a53w1rcPiDSrW9t23LKu4f1Fb8Ljj3rdO557uty7GatxmqcZqxGa1IuWozVhDmqwYHpUycDOaozLK08DFMWpKskawOMVWuD8gOOlXAQBkjNV51ymKAMe6X5WrFvs7a37ofK1Yd8vy/jiokVE5y+z81c7qJxu4rpr5eWFc7qS5zjnNcsjeJzFx/rD71FUtzxKfaos84qbm48DNNIxTlFNakUJz7Uc+1Lg0u2qsFhaMUUgOakkCuaNtBOKXNBViI4BxmmnIGakKgnOKQ4IxQFiOjFGKfkelBNxnl+tRSLt96sUyUZ7UBcr04HNHl+9AGKC7iFcnNWtPA+2R1XqewUi7jOaun8RM/hL3milDg1QEhPepVk96BFktjvShwarb93elzt75pXAn8wZxUikVW75zSqTmlcqxZz+NPqOOplTd3qiR6Lmp4xSRrU6JigB8a1YVaji57VZWgm45RUirtOKQcHFSBcnNAiQLikjU+tOoX5aAAqR3pd1Gd1Lt96AAHNBBPemh8dqPM9qAHYPrSEkUnme1IzZqrgO3Uu+mbqWpuAoJNOpg4py/MM0APBzTSMUA4oJzQAm6oyMU6mt1oFYa1NIzTmppOKgYjGql5cLDAzMQCOpz09fyqyzcE15H+0L47/4RTwVcpbyBLq9HkR467f4j/L86dy4rmPm345fEFvGXjC4aOQmztMwQIOmO5ry9s7iueRU08xkZmY56n6k1Vkfauf4zSOq1hJXA4HX0p0FmWXzJeF7A96mt7Ty1E03foKjvbsrx3HQUEhNLDCvzjPsKpvfyuSVwFFQvk4J5J7GprOye6lCgcDsKG0twSb2JbaOacgBmbPcV1Gk6FPPtBB/Kreg+HixVVT5u/tXqvhzwogjUmNmb1rhqV+Q76OHc9zibDwuGGHJA9MV0Fp4dhYgbCcdCK9JsvCyJ85iXHoRWxB4XiccxL+VcMsSz044U8zi8OlTgqv5UP4aYg7AWJr1hPCcRGPLyasr4Vj7R1H1i5usMkeOP4fmUfMgxjqOufWll8MgjKRZr2YeFoxx5Yx64qN/DaICCnT0FT7exP1U8NvvBqMpBUHPSuQ1rwMoViUC+9fSV54ejxlY8/hXJ6v4bXaw8rePerjXaFLDJ7ny/q3h+WzL7GOB61gOWgf94gce9e+eJPDKyByYcZ9q8w13w3sBZV5HavTo4jnVjy62G5dUYuha29hLGY5CyD+Bjyv0r2/wrq1p4w0trO5I3SDBJ7EdCPSvne4tmik4+Vl6HvXT+BfEj6bqaLI5GTjrXZvscSdtz1SSzk06Z45kJntiI5eOZIj91j6msq7tW0fUUuoScH/WY6Onc/Wu61E/21o9vq8I33cAEc4H8Sd//rVjzaelxDLZKS7bfOt2/vL/ABCkJ6Fa4gae3SSDH2mJvOgP97PUH2ra0u9gv7KO4XKwynDr3jPQj8DXO6NcN5QhY4kiO3nr/n/6/pVm2uF0fVfMY/8AEvvztcY+5KeOnuP1oaaHF9D6I/Z98cNY3L+H76fKswkgLdMnnH4ivoq3G3GSCR2r4Ys7yXSb+K6icrNauGBHQqOR+v8AX0r7H8D+JIPFHh6z1CFgxdMSL1IPQ/rVwld2OOtCyujrYjkZqxGapxHC1bjNdC1OMsxcGrC/dqshwasI2RiqILiNnHvUhOBmoYz09qmIyMVrYLBn5aim+7UuOMVFN92paaJMu6+69Y18vB/3q2br7r1j33Rj/tVBUTnr8YZ/aubvztrpr8ZL+9czqI6+1c8kbxOauUzK3NQY5zVm54kPvVcjFZ6HTYkVvakJzSJ2pVG6noAZ9qSneX70eX70XAaRimgEVM1MPHapCwwnJpKeRv7YplFmAA5NO2r6U0DBp26gBNgqM8HFTVEVyc0BYKMgUh4obpQSNIxUQGamI3UwoVGetAXG7asWH/H0lQhc+1T2S4uo6un8Qpv3Sgr+9PWT3qgtyPWnJcZqbjNAOR3qZHzVATA96milzSKsXkbHvUq9aqI2atRncaALMXNWYxVaLirMZ9qsksRrVhFyKZGKnj+lBNyRVqUDFIOBmpKBDhyamUe9QLUo4oAk3Ubqjp1ADg2KN9NooAKKRm29s0BvUYoAWlAzQRigHFKwD9g9RTcn0pc07FMBmT6U9OBijFAGKAFpCcU7bTW6UANprdadTW60FWImHvTW609qjJzSsSQ3MqxxOxPAGf8A61fEX7RfjZvE3jWW0ik3W1hmNRnjd/EfzAFfV3xS8VJ4Q8H6jqJcK0MZEQP8Tn7o/DIr8/tRvnvbqe6lbfLMS+fXPJP51JvBJbFdjtDEnOOgqextR/x8zn92DgL60llaNLtkkGE9DUt3KoBycIg4X1oNiO+uhnLfe7Adqyzln3vT5JSxLv19KiBachF5Jpq3Ulp9B8MTTPjblicYHau38M+HygRihLt2x0qp4X0EsysU3SMOnpXs3g7wiI1SR1JbtmvPr1ktj0MPQcxvhXwn5SozjLsMmvTdG0b7Ntz09KNM0YwMmEHB6109rZthRtrxpTbPdpQtuRW9grduKvw6eR0FX7W06YXOa1ILEGsr3OqKMqCxIq4mnqwyc1qx2CqQMdatRWSkYxQVYwzY4Pt6VF/Z4OcDOfWumNmD2pRYhuwFUPQ5CfRd6ZI/KsLUdCLK2ExXposFbtkVTutHWRT8uCataGW54ZrvhfcrZXdXl/iPwrtVx5W0g4zX1FqXh4AEBM59a8/8UeHMxv8Au+o64rSEuV3MqkeZWPjHxZojWVyxCYFctC7QzKw4cHNe6fEnwztWRwuceleKXluYpW4wQcV9BRmpx8z5vEUnCXke8fCTxELm3+zOwdHTY2fw/wAf0rdvbGTTp2iX5ZbZvMhb1Q/w/jXjnwz1c6dq1spJEbAq34Z5/lXvusos9nDeLy8GAc/3NuVJ/lWr0djFq+xwetxLp97BqMJLWlx8x9sdT/n1NX7yzXUrOWIgEyKXjPcMepH4cirV3ZrPHcWDKPLb5os9AV/+tz75NZGg3Mh3WUhxPAd0WT1HTH5f09aL3FsavhjVP7T04LO2bm3byZM9x6n/AD3Ne6/s7+LmsNRuNGuJMIx3Ip468E/ln8RXzs8qaR4kgnT/AI9NQxHJngBzn/P4mu40HVJtD12yv0OXgkAY+qHof1/Ws/hdwkueFj7it3wvB596vRHNc/4c1KHVtMtLqN8rKu8H2rehNdqaex5DVpWZbTmp4zUERzVhFx3qyWrFqLmrA5qtGdtWU7VsZt2Copl+WpRzTJh8p9qUn2JuZN2MBhWNenKH3Oa2rsZBPrWNeL+7rN6GkTAvvvNXNaiuN1dLfDljXN6kM7q5pG8Tmbr/AFlVmPtV26/1lVWFZHSA4pycU2lBxSKsSZFFRZNPoJHEZpF96N1IDimAre1R+X708nNFWBDTttO2UhBHapegBRik3UtIBCuaiYVNSMtAWIgMUueMUEYpCcUEjTz7VLZn/So6hyfSrNmP9JjNXT+Izn8Jx6XBNTRy1jxzn1qxHN9ag2sbEcgarcL1kQSZq9AxNAGnE2avwms2F/ar0JoJuXo+uKuRjjNU4uTmr8BAXpVgWI1qygwM1FEc9qsL0xigl6DxyKmAzUKipk7UCHAYpaAM0UAFOpNtOwaAEop2yl8v3oAZ9RSqM9eadj2pVj96AEK5pNlSnA7UDB7UAM21JRRQA2nUUE4oAKY/BxTwc01xk5oAbj3pjdM0ZNDdMUDuQMKjkfy03H8qkYk9qoavdpZW0k0rBIkTexJ6Dv8AlU3BanzR+1n4vG6w8PQuc5M04zxnnZ+mT+Ar5rtbZr2UkjEacD6V13xK8SS+OfHWp6i2SkkpWNOwUcAfkB+tYUqiJfJjBHuPX0pHXFIjkIBKDiNeprIuplmkJzhB0q7qUwgTyVOWP3j61jzvuAQdqa1GI7eY+f4a6PwzoUty4YRks5woxVHw/pD6pcRqBiP6da+g/h74DWMRzypyRha469ZQVjrw9Fzdx3gXwJ5EUckkeXPY9q9W0vRBAFG3GKt6ZpywoAEAI9q2I4BjP6V4VSblue9CHLsRQWigDjkd60ra0Ixz0psIGcYq9ApHesTqRdtYMYx2rVghAOMCqdsuMe9aEI70y1oTrEMk4+lWIYhUabTVmE0FDliB6jFPW39qkjwOvNWEGRnNWtTO5CtrnqMVG9mJB0wfWr+FbpkVOsa+laWIuc7d6TvXGOa43xDpCmNgRj2r0+aANnnpXKeIbHzI2bvRZE3Z8yeP/DsbCYbSF9K+YfFumNZX0qFcEN0r7W8a6a0lu5K5NfMvxR0AiYzqnJHJFd+FnaRwYqnzK55joU5tL+MgZC7hivp/w7Kur6VHHIcrcQNEcDPIxt/nivl2zQpexj1cj6Zr6D+HOqbNGgdvnEMinn035I/IivXk+p4iVhxLNZKyriSKQL7jBIH6Yz/vGud1lDbXlvfQgqOp/wA/gf8Avmuw1JFtNe1GADbFcKJl9st1/wDHv0rD1C1E0E1vIdpceYvPRv8AOfzagkbqtmNb0iREABZfOiI7OMf5/wCBGrmg6muq6TBctkSgCCUD1HQ/z/Ssnw9dMZGs3OJIncAfQZI/U/pTtO26T4hmtslbW+yyDsHHX/PsKzlroVFn1z8AfEx1Hw41lKwM1o20D/Z/yDXs8DAqG7GvkX4G+ITo3i2ON2wtwDA4P/PTt+fH519ZWbcMmcjtW9J6HBXhyyNGGrUfze1VYetWouK6jkkW0GasBsVAlPrWOpFrk0a7qZNyGp8TYpkvG6izIsZt190+1Y92AUxWxd/case+Hy1nIcWYF8BlhXNX4zuror7O5q52/wD4q5pG8Hc5q7GJOtVDzVi8z5h9qr4rI6wopMn0paB3H4FFNwadQIKKQ8UtABS7aSnA5qwCkbPrS00nNLcCPZS0/I9Kjc5qQFzQTmo884paAEakIz3pWphyKAsLiprTi4jqKprMZuE9qun8RjLWJ5bHL71cikyfvGsS3nrQglyc1B0WNq3krRtpQaxrd60rQ5x70Em1Bzj3rQh6VmWwzjmtOEUEl+EVehHGKpQir8K1YFmEVdRc1Vi47VajPtQTIlVKULigcdqcOaBCrT9tMWpdtABsp+ykpd1ACZHpS7aNtKDmgBuR6U4DFFFAARmgDFFFABTttJg07FADTxSEZp0i7unFMz7UAC0pGaQDFLQNajNnGaYw4zUp4WmMPlxQOxEUxXj37R/i1fDPge4gifFzfsYlAPIXGWP8vzr2NyFXcTgAZPtXxb+1F4wOreNorNGzb20e1V9Hbk/yA/CoHCNzym3tzBGZWb58HC9yTUVzKlrbmVyc9QfU1Zgj2R75jgKu6QnotYOozSapcr5IJRvuL7etB1bGdLK0srOxyR+tMjQzSDdzk4q8llHCNrHJT7xHr6Vf8J6PJrut28CpkFuQO1Enyq44pydj1T4Q+CjdKl1PF8g+6uOtfQWkaYtvGSECnsPSsjwhoI02wiiVNoVcV1cUeO/FfOVpupI+hox5Y6lqCPAyDzVpFw2e1Z76lbWiHzpo4sd2bAqKHxVpUzYS9hJzgDeMmsPZyl0OlVII24V5zWhCuDg1Qsp4rkZjkVx6g8VoRAhht+bNJxa3RtGcWaFv29qvwnjGKoW4/P0rThTgH1pWNU0x8ZGcA5q5DxVdIdqkDtVlFxTsDdiVTzjNWYmyMVTIJOamjfacU1oKxfVunvTw+Peqik/N+lPQnOOtXcVkWnYHPHWsLWPuMSPwrXZqzdRXzEYGqM7Hk/jG2/dPjoa8D8caclxZyqwxg4ya+k/FVqXjZduFrw/xfppYzRlPlzmqpPllqRUSlE+XNVsDYarjaQA+f1xXrHw5mP2a5hLZQs+AOf4eP5j8q4Xxha+Vfs/9x8HPfnNdZ8OpzC0DAgLJOQfxDD/CvcveNz56UeWdjvPEn+m6douoKNvnQtBKV9fmA/UZ/Csi9jFzYpKqEzKSPpgE/wA+P+B1rQK+oeE9SsN3+kW05Ea56KTnP/jzflWPYXJuFePdt+0JvCnswA3fqM1qmYtWMC/b7Pc299EQscyqzH0cHkfl1q/rUYv9KF3b8SwMJ42H1w4qK5hEi3NuwOx/3iezfxf5+vpUnhi5LxyWMg6LvwfTHzD86mQlodN4X1rbPY6lG20OUOR2df68fpX234T1X+0tFtp/4iu1j6HGa+A/DLPp95e6dIf9W/mxA+n+T+tfYvwY10Xmg2TF93H2eQf7WeD+Ix+dVRfvamGJXMrnr0DA1bjqhAMDOe4H51fi5r0VqeYW1NSAZqJetSqfatIIybsSpTJjwT609O1Ry8rVgZ939xqyr0gpmtW6HytWTd8pXMVFHPX5ALGua1DjPvXSagPvVzeoisZI3irHNXn32OKgGD2qzeH5m4qstYHSHl05I8dafn2pyn2oAbsFN2e4qSmYNVYBHXFR4qbbS4FFgIKVadIPamrTAWiiipuAm2kKZp1FICuVwc0VI5xUdVYA27qGWlXrQ3TNFgGVPZcXCe9Q7amsx+/jNXTXvGMvhPD7eUfL71qW7HIHrWFbZO3npW1ZNkKDWRvc3Lc1q2fy7c1k23Kk+la1n823NA7GxbdcVrQisq2X5q1bf5gD60GZoW43HFX4fpVC1+9WnCtWTcnjFW41qGNasIMDNAtx4we1OUUirTkUn2oAUDFLuo20mKAH06mgZNPwaAEJxTd22lPPakZaAHA5opVT3pdtADaeBmmkEe9PC4oAM+1SYFR7akoARqQKDS/epQMUARsu04qOpnGTmovX2oDYYzcUjUrLxUcny9+2aB3MrxPqUdhpc0m7H7su3soGSa/OXxlrj+IfF+oXs8hPnTMct0HzcV9rfH7xCNC8C6lMr7XuV+zJtPOGHIH4ZP4V+fmo3DFnyfnZj17ZOag3gbV3qn2/y7K2Y+QP9Yc8vWgsa2gENqVkuZE3My/wr6Vy+kWV/cK0lrbySAHBcLwOM8mtuzvYbGxljQYuicSSZ6L6U1Z7GrTSuxt3tLLCpxtG4kdzXtH7P3hJLi4nv5I8heFyK8Rtl3ON3O7BPtntX1x8FtI/s/wlbMV2tJhunXNc2IlywsdOHjzTud7GgjQDoBXLeJda1e5LWOhWbyynrOR8i/jXZiMNwRVxLiO0QBAvHXjGa8ROzue043VkeKv8GvFOtnzLvU1Dn1Y1g638D/E2mI0tqPtCoc7o3O6voRtfjiK/MAfc0g8UwEAFgT+Faxr8vQiWFv1PlW08ZeKPAN6YpJJ4CP8AlnMDt/WvUfCP7RtvJtg1WExv2dO/4V6XrFrovii2Nve2dvcrjOHXn868u8R/s+WM2+bRrpoD08qQ5BPoK6lUpzVmtTmdKrTfus9g8OfE7Q9aCGK9iDMcAMcV3lleQ3CAo4IHcHiviy9+HviDw2ztJBJsU5WS3+ZRXUeBvHer6BNDG0sksbNnyzn+tZzw8fss6qeIkviR9cR/MRjHHv1q2oGM1wvhPxlHrm1AcMuN2feu0t5gR1rzWmtz0Yy5iUpg4qZY+c0sSbzntT5mEakngU7DchQrA4xn8aniiI5xmuV1fx3pmiB2uLhF2jPXrXnOtftO6bpfEFq8o7EHGa2p0pVGYTrKnue5FBgkjgelZ98PlbIx65r5v1D9rq4AcQ6WNo7yN/hXMan+1Frl8yJBCluzdQec12LCze5xSxkFsfQ2vwq6uGYAAZryLxZaq29h2615pceP/GniUiSJ7pwT0hjJU1h6hrvjDS1Z7q3uWjb73nRHim8Ok73EsVpaxx/xGgEOoyjgKemKm8JymKwimHy7JQ+T77/8KxfF2vf2zIkjJ5cyffWtHQJNmi2jjlWb5s98Nn+VdkVyxOGo+aVz0rQb6NfF+r23OJy7sPRSEI/mayXhaw1K8iYDfbyeYTnojdcfjxUFzcGw8bWExyv2uCKUkfxH7pFafi5Sl9Y3Y+SO4RrWYg9jgrn3yf0qtjn3KurKRJHLGBtQhj/unr/Mf99GsTc+nX0V0h+UPkf7SHqK2beT7TpwUt80S+U2ew/hP4f0rLkgLO9qMlkH7vPQr359qvcLGhrO22v7DUouUc+XIfb/ADtr6I/Z+1rzTf6c2AHj8+H2cYx/T8q+edLjXVdFurQndJGm9O+e+PyJ/Su8+CfiE2GuaezttVWETtnpnJ/lj8qiDtLUmcbxPtvTpfPgjfoHUcehHUfnxWrBWBoc3mb04AdVkUZ6bsk/qP1rdhf2r1Ys8R6FxetTqR6VXjbdU6c1rBmW5MiZpkuAtSr8nvUU33ap6E3M+6I2txWNefKv44rZuh8rVjX3Qj/arJ6FRZg3/JYVzeodSPSukvvvNXOagp3Maw3OmJy13y7Cq44OKtXSfvG5qtt+asbHSPpy9KTbTlWiwC7aTI9Kfn2pu2lcBKAM0AZpwGKLgNdc1Dt21YIzUTIaLgMJxSbqVl4zTadgHUUitupakBjpnvUZGKnIzULCncBAcUHkYpdtG2qAaTip7Nh58YxVdutTWXNwntV0/iMZ6RPBrNgxA9a2LI4I9qxbHGUOOtbtmPmrnubG1afMp961rIcA+lZNmNq1tWY4A9aodzXthzmtO1HCis2161q2vRTiggvWykN0rShNUrYZbrWjCtWQWY6sJyMVDGnvVhEx3oAmWlpqmnYHrQAUoGRnFAGakAwMUAMVealxQBiloATApCuadQBk0ARgkdqXFSeXShc0ARr7inVIIsd6XyzQBFS7qk8s0ygAAxRRRQAjVHs689alIzTTwM0AQkZFVrg7YjnqFq0RgZqjqJJgYjjjFAHzb+1RqrS2Ol6Ym1o0WW6fJ+bC8A/iCRXxpd5mnY55ZwB+NfUv7SmoLca9q+CAItPjiQ9xmTkflXy5tzcwn7o8wZ/Cs2dVPc+lbKw0rwX4BZJIV3rb8rjl3xjJr53hIeWZ8E7ug7GvdfijKPsEqr/qzCCgHckZzXhVoXVJABknrXJg25JtnqY1cvLFbGro0DXuqW0KjJkdQRX2/wCEbMWOj2kCcBIgB9RXyR8I9Ca/8WWRZCVDBjn2r7JsYxDAoA+lY42V9h4OOlydgMbhWVql60Kk5AA61rN9yuc8Q21zPay/Z1XzO2eleUve3PYSscH4n8ZSWKskRMkrHATvXGSeOLqNmafUUtVP8CKCRWN470fxULiTzLdEgLfeiPSui+B3w28J+JtTCeI9SaXUg+Us5W2ROPY9zXq0qMWefVryRBpvxLAKqdWbcH2+Yw4xz/hXd6B8SJrh3RdRtpyrlFRmxuXrnP0rP8UfB+yGn+JrOw0ONNWTUC8MzMQUtucBB3Jz1q7pnwf8OS+E7WG3t5m8XXFxb26WkcjkBeDK5I6AE/kK6fqik7nJHHtKzR3Wn+KkvNsV1H5UjEhQeVbHoelS3vhrTdRKy+SqOOjIMEj1rD+IHw9vPg9qJYfaNR8Kyt1lO6a1z7+lXLLUTFaxlJfPgdA0cg5BU9vrXm1KUqUt9D1KVRVVexueGbAaLeM0ZLB8Z9sV6Jp1+ZMdea8m07WyZSN3X9K9B8P3Jm2YI5rgqNnbTVj0KxBaEd81V14SrZSiMZY9MVr6NAGtlY9KXUFRF5Ax3FLmCSPnPXvh9quuXfllWMYOSzHrWSPgGsgDXl8IR2SNRx+Ne1eItdjskkbIUL1rxfxd8VSs0kNu6xqhO6Q9senqa66VWdrI5ZUotXkTW3wK8KwSFrhprkDqC+P5V1mi+APB2h7Wt9ItnZejTDccV4JdfFpcs89/LJ85TKHaOCQT+laen/FfR7yJw+pXFtL5oXJ6BeM/z/PiulwrS6mNqMdD6Tg1awtECRW8MUY+75cYArN125stRhZJIY5FbqCK8cfxfMIxNaXiX8WcDB/efTHrVq28ZfbYyUc8HBDdj71zSVRbnVCFOWx5n8dvAlhFC2oWUQimV8lIxhSK860I58PxMDys5GPqh/qK9l8cy/2hp8iHLcdK8lhsTa2PlH5dsxY/QYX/AB/Ou2jO6szgxNKzujW8ZSvHF4fvC3zGJvmHscgfz/Kuw1aBvEHhqSOI75Z7cXEeO0iZ6fmtcX4mCyeELKQAubZVfH+yQCf/AEI10ngbUjceF7d8gvBIqZH90n5vzBz+VdN/duedYyNE1AXSRSEYS4UK4P8AeFWNWVoYVuFA325G5R3U9aztRgGha7dW/S3uj9oiJ6K/cD8j+VbxYSRGRiCHXbIOo2nv+FVcLGfZS/YdUWWI5ikG5D/eXr/P9K39NZdM14iM7YZ1MkeOzdR+v6Vy0CuFltgMyWx8yL3h7iuggmW9soJU/wBZERuPop//AFipe9xrax9v/DzV11bRNLuhlg0OxzjkHjH9a7yLgA9c14N8ANa/tDwy8O/97DJkrntXu9nKJYI3XlWGa9KnK8bs8OtG0i9DxU8ZqCOpo66YnM9CyTmmT8IPen45xUc7ZUD0q5CsZ92cAj1rGveQx/2q2LvkZrHuxlW+uaykNGBe8uwxXP6go5ro7wfKx71zuoisDoRy91/rHqt/FVm74kaq38VZHSmSUq0lKtTcYtJupabSAAcU4HNNoBxQA6lPNMpwOaAGEZGKhK4Gas1E4wMYp3AhX5advFJSYHpTsA+oiM1LkUYFFgIqKDxSE4pgMk+U+tTWXFwnvURGaltBi4Srp/EYz+E8HsR+6j9a2rMfOB61kWRxGntW3Zj5x7VzHRY2rUfL0rWtBgKazbUfLWra4wB6VZJq2wwa2LUfKPasu2Gce9alsMCgk0rUc5xWpDWZaq1aUJqyXoWYxVlBmoU4GcVOgwM0CADFKMmnZHpSrQBIooxQnan5HpQAUU6inYm4m2hBk0/j2peKdguLn2pVpgOacDiiwXFJxSZb3oJzThyM4osFxuW96TFPyPSmYp2QXGUU/HtRj2pWC4hXFIw+WnP3pp5GKLBcjbpWdqSF4SAMZrRbriql8reWccnsPWpKPh79oGR7nVtZueQBdRW5x0x5Wf514BcKQ30r6L+OEI+ya+VU5Gq5GR/D5RAP6V89XS9T69qhanVDQ9rkuj4u8F6JKp3ytD9nk/3xx+vB/GuOu/hzqmlTBpLVjC5wpHetv4EX/wBsWfSJPnEUqXCZ7HkH9Qp/GvaPEd1Ezra8BQvWvKc3RqOPRnuKmsRTUupxXwW0X/ipBIybSsfT0r6KVNqj0FePfC+SOTxLIqAAhCAB7V7NIPl6Vz1p33NMPDk0IGB3Zz+FHkrIORzTlHrUsQycYrkWh6Fr7GVf6HDexlXiUgjHSuL1H4S2kwBgjEUoORIhwR7g9jXqaxjIBA5qzFbAdOfwraFRrZmc6Se6PHW8PeK87k1eWSOMiJPM+Y7B3JNdD4Ubxh4fv/tttJZQ3cwwLh4AzL1x/MflXoy2ikfcUHGPah4SuAFHHQYrthiZI45YSHY5HXtQ8eeIYAt3e2kzZBaMw8PjsfauS8LeGtc0E3trrCwmxkzNb+SeI2P3lHt6V6XeOYkJaTbjvXG6zqMtwzpG7FQO571nOo5bm0YKCsjnbN2S8kIOBvyK9Q8FTlpI8nNec29riTJGec16B4MTMiYGMHFedUR20rnuOlOosFHesnW7lvLcA89hVuxylmvPzVm6gpYgk5rH7Vi5RPGPi7qw0SzxNIRJKdsag9W9K8z+H50m91S6OpmJJ1UrHFKwKLIe/wBa968a6Ra65ITNaxztt43jofUV5lqHw4t3lx9mRAfvYTp7169FqG5xzvOPKjzLTPAUes2SxactnPe21wbplued6ooygHTqDx3zXrvhD4WaF451LwzBceG7C2g0/T5hqksabY7iRsbevG7gnjvWJa/BcvJLNDPJBKdoVonKlQDk9O5FasXws15knthruoLbkjykE7BcDscfU/nXqwrQW54csLNzvc8d+P8A4Cs/hZ4mkk8K6usaPz9gEm4oPaub+H/i1tSnjinUwTEfOxPyufWvbNX+BNokgaRHmk3YMjsWO36moU+HdhpS7Vtk+Xp8tctarCR3UaU4dTm9UiEtq2BknvXD67p4jt0ZV+8rBiPXIP8AX9K9Q1CxCKVC4ArjtYtP9FwcY80j8CCf8K46LSkbYhNx1OakQX3hVBxtZTC3HQBR/hWd8LtR8mW902Y8um5B7j5cfp+la+loBYarZEbjHJvUH0JJ/TH61xNveHw94shuDwBLvP8AuE5/qa71tY8t6HoXizTjqmiebCgN3aATL6lSfmH4AA/nWf4c1GOe2COQx2nIP930/CuoaVQDIvMa4kGP4kYcj8/0riL+1bw9rDBEJiVjJGfWNuo/CrQGtfRSW88cqf62D7p/voeo/wA+3rU2m3Hky70/49Zshvb0H6n9Kk+W7tVZG3tGu5P9pO/5f0FU0AhcuD/okx/75aoeobHu37O+uDSfFclpJJ8l0oRfTJ719Y6aWVZYTgCNvlHt/nP5V8H+AtXbTNcsJ1IEiyAqx9q+4dCvheRWVznIuIuSO5/yTXbQd9DzcVHqdJEcjNTx1XjO3I9KnjPzYrvieVJk4OWpsvIzTk5JPpTX5WrkFzPuh8tZV3wGGK2bvAGKybzHPvWUikc7e8M1YN+M59q6K+HLGudvf4qwOg5e8H7xqpfxVdvflkaquOc1hc6I/DcWlWkpU5pFC0wnFS8e1RN1xQA7bSUu6lBzQA2gHFPIxSA5oAKbJ7CnUUAV5PYU2pZB7VFVgN596fupMj0ooJuNZc0xutS1HKMj0oKEAzU9j/x8LxUKjjNWbEf6QtXT+Iyn8J4HZ8rj+7W7Yjcc1h6aOSK3rAY4rCxtc3bVMr1rTs4yoyTms2zPyVsWhBXpTEalsuMe1a9spOOOtZltz2rWtThFBOKCTRtsitGFaz7cVow9asjctJytWAMLUCDCj3qccrQAwMDUiqaVYhUgGKLMLoaoqWkUc1KFzRZhdEdFSbKNlUQR8+1Lg0/ZS4oswGAEUuKk2UmR6UWYDMVKp+XpTcj0oBwKqwDqbkelOopgNyPSlAz2pQc04EDtSsBEye9MK4qRj7Ux+9TZgQnk5qC8JSJz3AyKuBc1XuF3o6nnPy1LLPkX416WwsPGSYybe7tps46FlYGvljUPlkx74r7Q+M1mTqPi+I8Lc6Wl1j1McpGfyNfGGqr5cnP96pjvY6o/Dc7L4H362njqNC20zwug/wB7gj+WK9i8ZzyLP5yDA28n0PpXzX4a1Y6F4lsL0EjyZ1J+mckflX1hd2EGrCFW+aKbDZHqen6c15uKXLPnPcwTThyGV8I51n8TK2eTEwPsa9+YblBxwa8N8I+G28P+LoHj3CF2Kn8a91hIa2HqK86dpK52pcsrFZ0wcCpICCckUhXDc805OGAA696527HoQSL9tH5mCe1aEcOBkcVVtBgYxWjF8wwBmpvY0lEidsdqp3E7gnA5FabxqRkjFUblACTjrW0ZHM6dzntSRp8g8qe1c/c2iBuBXTXpPOe3pWNNjk9QKq7IcbGWsIUg7cZrr/BkO67XdnGc8VyrsGIBPSu18GRESpxyTispam1PQ9ZtFItE45Peobi03jOKuxbRbIPSgfd5PHrWHW50WTOZv9JEykgYYHPSs4adG0hDIMnrkV19zFtBwRk1kXUQc5Iw3qK6oS5dzklT1uijbabFDyOPwqzIgjGP1qnI8sS5HNQNLI67WJz61rzIj2bZU1TbJv4GcYritXtlfdiuzuLR5ATzzWFqNgcn5c5rPmCNM811ezwGIrgvENufsL44Ktn68Yr1bWrXYjV5x4pJtIFl2htrfMDWlKa5jKtTajqcVDMtprtrM6hbe8j2Me244x/I1xnjvRmt2lbH7y1kIPvH2NdNHcRarZXUSsC0EhxzyrLUmtoNVsIrl0DusQSX/aU969WL7nitIk8F60NV0G3dzultv3Tj1XtV/WtP/tKxeJCTdWuZIT/eQ9R+Fec+F9Tbwt4kaCRs2dwecdK9TcOirNAd0sJ3qP76nqK02M1qcr4f1BldY+Mj5kB/8eWte7WKBzMBm0uOHX+41ZvibS0iuf7QsSBBM3mqoPCOeoNW9O1CPUIGEhAL/wCsjP8AA3rSsBe0mQ286pklV+ZGFfaHwZ17+1vCFiSxeSM7QO4r4nh3WEyo2dqfLu/r9K+h/wBnbxILK7ksmb5S4bk9QfStKTadjkxCurn1NG4bnPWrcPzPmqcW3auOeM1bgbBzXrRPEki1GMEj1pj8DFSKec1HP83Tiqk0TZlC7BIJ9KyLw1t3R+VuKxbwVG5cTEvj19652+4BPrXRXvOfaud1Dpiud6HQcve8yH3qtVm94kPtUAORXOdEdrCAZpVUrT1FBYDtQFxlMb71PprrhqCgoBxRRQA4tntSLSUA4oACMUUE5ooAKikHtUtI4yM07gV884paQjDUtUSFNZdwp1FBQwcDFWLH/j4WqxODjFWbLi4Wrp/EZz+E8G0wfNW7ZcHNYem8En0rcshnPtWJobln9ytmzHyj3rGshla2bM/KPagDctlxj3rWtkGACOlZNuc4rXt+maqxJfgGDitGFaoQLk5rQhNMgtIuQtTAYFRxjp7VMFzQKWhIq0u2kU+1PAzVE2FEeD1p4GKAc0tAWCiikyfSgBaKUDNJirAXdSUYoxQAUUYoxQAu6jdRtpMUAOAxRSZ9qcBmgBGPtUbCnE59qQjNADfu1Ex68dRipHPGajZevtWRZ4T8ZrQxeIQRGSLjR7q3wwzu2pn/AOvXwzr8RWeU9gc/qR/Sv0F+NUHlah4Xn3kKbl7Z8/8ATTj9RxXwZ43sDp2t6ha7SpilZSD7Mf55rNO0tTsirx0OQkY5HXPGfwr6O+EvjNtU8KqtxlnsQscj4zhM7UJPbPSvnNxlulfUP7JfhNdW8M6nMypMZ9WtbaaB3AUwr83OfU/yNTiKaqRszWlWdGXMjr4/EcFp4is9OkOLhpioI5Bx1wehxjtXr8CkRA+teWfGfwQnhP4k6XFY3cV3bR3Et9LHbsDFGWuGUBDgfKRtH4H1r1iAAwj2rxKtPkVkezQr+2d2RFctUkUeMA8kU4JlqljHzVxHtU2i5apV+JCvQVTtlPHvWrbKTWdze9yMxEjBGapTwlRg810EcAxnFU9SgESliOBWkSG0jjNVK20bM5AFcnc6ksjkAjafSrPii8mvtR+zxElF61nxaU5bdtOM4ra6OZ3ZJAocgnvXb+EyUlQqTwc1zNtpx3AY5Fdl4W02bzEwpAPtWcjamktz0e1uA8KjNW7ch/lJ4qraadLHEjMpAPTIpJRJbPnBrFqxq2uho3Nplc1jTwkHDVorqO+HLZz6VSeUTN1rQhalAw72z29KFsN/JWtSK2DEcdavwacfM5GRVWGc+umfw45rL1nTP3bbVAK16ANPVVzj5vWsLWLMCIkCpYlrseKeJLbazccV418TpvsGlElsAtya+gvE1ou92xwO1fOPxmInmgsN3Lgu30FVQ96pYnF2VO7PD9A8Sf2T4lklf5red2Vwx42nvXp8SqrFIzvjdS0eejL2FeH+JESxf5D+8Rtv1Fdz8OPF39r2P2GZ83cAzHnv7V9E4XV0fJ83vWY7xhoW7DxKWzzHnjn0rofAXiNtUtfss0gFzCPkY9SfetC9tk1K1Z+qPwfVWrg7mGfQ9SF9ANuw4mjHDfgKaQnpsenXsEcJ+eMCzuDiQf8APN/X2rmb3T59HuN8W6YryHH/AC2T/Guh0bVk1i0MgIlYoPOj/vjufqKWe3MEYRiWtHbMb90Pp/8AWqLMd0VbK5j1OCN1fKEbdx/hP9013Pwu1l9I8TwBnwzMqD6V5nPbPpV4ZLZf3ch/fRg/I/8AtD/aroNM1HdJDcxHmNgwce3b61p1uYzV1Y/RPRbtbmwt5RkgrWtCeo9K8++EfiCPXfBljNHhjt5ya7+Bsk+9enBtxujwqkeV2LStzSvyCfSkQZPWlfgEetUQU7n7rVj3la90flasm7GaqwRMK8/irnr8Zrorwfernr/iuWR0HLX4/esKqhscVbvv9a1VNnOc1znREkDYpCc0u2jbQA2lZdxzRg0uT6UFXGFcDNJT2Hy0wcjNBNwopdtJQUFFFFABSlcjFJTqAIWTnNRkYqwy1A4xTuSIBmlK470gOKdu3VRQ1l5zU1kM3K1GRmpLJsXS1dP4jOfwng2nd/eugsR96ue049PeugsT97isTQ3bP5VrZs14A9ax7NcpWzacY9qANi2T3rXtxhayrXvWrAcDFWZ3NGA47VfgXOPeqUHNaUAxj2oEWIxVpahjFTIMihA9RyipFpgGKevSqIADFLS7aAuRmqsA0cnFS4FMEZBzUlVZAAGKftFMpefekApAFAANITmlXpQAYFGBS00tiqsAmKdgU2n1ICYFAGKWiqsBG6+lRnipmFRnntUgMIyMU1u3t1pxOKaeaiw7nnPxotx/wjdtOVUtBfQSj2wyr/NhXxN8etKOmfEHUsgBZXDce68/rX3Z8V08zwdfSqgdozEye2GVv5oK+O/2mNNRPESXEa5EkSkE9SNo5/X9Kwm7T1O+h8J8/TjDHjpXUeAfiJqvgG8eWxk3W8uPPtXJ8uUZ7/TJwe2TXOXC8k+tRNxWys1Zh5HvWp/tGL4igtY5NIWK7UiP7S0pPyBt2MfWvrTT282yhYHqob8xmvzWjba45O0d6/R7wtcC98OaZMhys1rG4PsUzmvJxdNRV0elg3rY01HOaliXJyKQDFPiGOleMz3YtouwgfLWra4rJibGPatC2nAPBzWR0J3NlWCryKxddux5TLnIqS7vzHFgHn1rmdSvS24k8elXFkyZz9nBEusv9oIXzPuk1s61faL4dsGmu5xGqrn5VJzWNchbh2yA2eh7ioPsrTHy2/ex4wVk5rSxSV+pP4c8T6L4inP9lXaz7ThkIKsPwNer6CiokfQGvLdK8KW0U5nt4FhmJzvQc16Jo3mJIgcEY7U5WHzHe3evxLAouJ44EXozkKKnjjgvo94ZHB6bSDn6Vyms+D7DxXYeRexmaP03Efyo8NeCh4azHZTyR2w6RM5bH0JqJFxRpanD9nlZVPBGRisKK52TbWPPrXVXFquzk5OMZNchrEBtrkEAkHuKluxMWjpNPfzCpzW/Djb0rktFn3gH07V0kM/y9apSuW/Itzy4GMVgaw/Dc1q3EwwT6VzerT7iwFRKRUEkcH4l2qHzzkZr4o+Kmvy6n411FlZtlviJAo6464r7J8a3S2mn3c8jYSONmJ9h1/TmvCPAU/hOTwjqF7qOnC+1W/DtHcEgLGWOAQT6VvhtJcyR5+YTtHlTPk7xRIJXjJz5mSGHoQcVl6XqM2lXsdxA5SSM5BFeg/GeDRI7uwGkXX2mfyj9qYDClyc8V5qOPmr6en70LWPk5S94998NeJ7fWbNLtSAj8Tx/3GrS1nRo76FmAVgBlgOrD1rwnwz4gm0C9DjLwkYdCeGH+Ne0aD4gt5oYSXzbNxHMf4T/AHWqHG2xvF825gWN1ceFNSRCxW2dh5U3909w3tXo1hfJf2/mqA6Mf3kPp/tisjV9HW8gmQIjoy5eI919V965rTbubwzNjMk1jnAk/igP91v9miwjt7qzAQ4XfbuP4B9w+o96w9jafd7VIjAbLRk/K3+0Peuj0vU476MPGyh2+9Gp+V/92oNU0tbmEPEnmbTu2n7yn2osB9D/ALLHi1lgk0533xNLxn+EfSvqC2wcYOc18G/AbWpNF8UvEzbBcHj1Ffcuj3TXmnwS9yuD2rroS0seRiI63NWM1I3zVFGeakroOK5SuujCsu571q3S8MazLpMd6sqJg3nBYVz+oLz1rfvj8zcVz1/k1ySOg5e+/wBa1Vs84qzfD981VQMtWNjoiSUUYoqSrDsUuB7U3dSZoIsOIyMUwrkYp26gDNVYZGTim0rjFJUhcKKKKCgp1NooAcRmo5Fp+6mt81BJDtpAcU4nFNqwuOBzUlkubpaiWp7MbbkHPSrjpImfwng2n/w10FiOvvXP6eOntXQ2XH5ZrE0N2zXC9a1rWsi1B2A561r2wxj3oA2rTk4rZgXNY1pwc1tW3NWZGhbrzitCGqVsvzVow0CloWI6socDOKrRirCj5aq1hXHU4DFNAzUwGaBCA5p4GBigDFFWAufakoop3AKk49vzqOlz7CkAlOXpTcNjOKcBiqsA7bTGXNSUm2mBHT6Ty/enbaVgDbSUu6lpgMamHjtT+nvTGFQBEwpuOvtUx5phIAJI60rFWOZ+IUAn8FamuMEWzv8AiBmvkb9omAXE+k5IJayQBh15Qn+WPyr7F8Uwmfw3qiEZBt3H5rXx38dLpHvNHThSlpE2B2yOn/fPFcVbe53YdX0Pmm6XaxU9RUB5rT1uD7PqEgI4PSs0jFbQd43G007ABgYzxX358DtVGr/Cvw9NnLJarATnP3GKn9Aa+Ba+uP2RPEovfB99pDv+9sbguqk/8s36H8Tv/OubFLmhc68K0p2PoMcjNGcdOKVBkYp2yvnpH0MWh6HAz1qdXZF2jr61DEMDFWkAHJrKzLvYztRuxAvzvjjJzXN3V0XducqTgEVl/F2z1iXSjdaNcmG4hO/GOGHpXmWi/FO7kRIb6EQSEYaXqjH+lddOjzq6ITcnY9XSQZzn9KtQSgnB/SuHh8VXVym+Ly2X1HSpjrWplhztz/drX2EjvhhpSPWdFuLeBAXbAPStePX7cyAhxkd68ZtfFuqWo/eIs6N/eFbtl4qtnRHks3D9xmo9g2dX1KR7po+rxXSBVIJNbPnbwMYrx/R/HNhasFe3ZFBx1ru9L8aaVdrgTeW3o9ZypSjuc08POB0c53AgdqydQtVnQ5w2elWxq9nKoYXEZA64auU1H4i6LDqy6dHewzXbHHlRncQff0/GsnFtXaMEmty7ZSGxuBG/yg9D610CXO1B3zWRe24vrOKVR+8D5FXraIrEpb8qwbtsaRkSz3OVPPWsO7ZmU571qzLz7elZl7+7jJPaovcpSseE/tLeIx4a+GWszK+yWSLyY/XLnH8s/lXwB/buoCAQrdzLEOQgcgA5z0r6i/ba8XKU0jQopAXkY3Mq9sDhM/8Ajxr5RIx2zX0+BpKNK7PlswquVWyFLuzEs27POD603bxilzzilPHvXqXsrHk76jVBH/166Hwz4hk0e4ZJFEtq5+eIng1iIhOcDpU8cXPFRKxtF2PafD3idRGiiRp7It+7kb78Xsa6W806DUozKdsU7jAmX7rj0IrwGw1GfS5lkiY88MpP3h7+9ei+HPGhgWJQcQtjKHnbmsXoa3NVLW58O3e2JSsQ/wCWLdG/3TXU6dqy3CmTd1++OhFNtLq11SDaTvLf3un4elZF9pc2m3PmWjk7f+Wb/wAX40rgdroc4stctb2OQsqMOV96+5PAF8L3RlXLEhQwJPY1+e+ia19oZSB5cqkEpn0/lX258DdZ/tXw1azlQH8vyyfpWtF2OHEJWuetxcmrAGarxcVYBxXeeQVLo/K3FZV2c1qXX3mPase6NWXExr4Dc1c7fEelb96fnYVz99XJI2TucxfH9+wqoDg5q3ermdqq7ayOqJLxTNtJmnDJ7VAXG0UUVVgCnL0ptOXpSuA2Qe1MqbIFREYpAMIxRStSUFBRRRQAAZp1NBxTqCSF+O1R1PIKrnirActSIdjZ70wDFIMk4qo73JkeJWC4x71vWZH6YrCsOQp9s1uWVZGhuWo+RRW1ZDOPasi1PyrxW1ZHGPegm5qWy4x71tWwxWTbHJA9K2LYZIHrVkGlbDLVoQjjNULXrWhD0xVWFItRj2qwo4xiooz7VYU+1BIgGKcDikoqrAO3UuKaBmpjgdquwEeKMU/I9KdgUWAixS7akwKKLALnjFJRRTAKKKKACnbabT6AGUU4rim0ANZaYTn2qRqbIKVgIqjlbdwOKkqNl+apLKOsZOk3MZwPMQjPpkYr4W+MF+t1rqAc+XEEH4LxX3D4kkSLR7h2bC7evpzivgP4j3Xm67IxyVZ8D6betefiHZ2PRwt2ef8AiyDKxTqMh+9c2ynGa7i7gGoeH5QfmeJ8jHauMZflIxyKqlK6sazjZ3IhyM16R8BfHI8C+P7SeaXbYXeLe4z0AbkH8CB+tecr6Yp4JzkDHOfx7VpJKSszOLcXdH6ZW8iyqGVgQemD27H8asDkZrwT9mv4uL4r0hdA1Gcf2tYoFRmPzTxdj7mvekYbBngdia+frU3CWp9BRmpxuiVCBUpbcPSq4471MrVzHRYqX9ot1C8bgEN6185+M/DEnhfW5EePdaytlHxwK+lJGDdBmub8T+G7bxHZyW9wnDfdYdRXTRqeydmXCahPU8Fs9LkYiS0neGQjICtWrbajremn50S6jHZh1qbUfDWo+DrorKrPbk/JKBkD6+lb+kalDdRoHQEnvXoKSZ9HQlTqIzYfEDeVmWyljJ6lfmrXsvE9p5Jcxzg5xgxdK12tbQkBV+UjPP8Au5/+tUthplpN5YOwAuQ3HpTsd3Ku5Rg8WxzDYljLIuOGIC5rStG1HUFZ4rTylHQsck10Wlafoum/vZYxcTAZCnGyp5LybWbwwaZb5Znyvlj5QPc1m2upjOUVuc+NM1HVpobH7XKWm/5ZRnAr0jw18M9P8Oxgx2qfanTdJKwyxb3J61u+CPA/9hJ9puf3t8/Vj/D9K6t4AiHgHPFcVWpzKyPBxFZSlpsZlrbZwp6Kc1bkVVUZGAKkWPyyfeo5sbeTXnbnNFlG4AUE54Fcxr975EEhLbQBnP8An25re1GdURueK+dv2nvicPBfge6it5wmp34a2gUHnB4kP4DpWtKm6k+VCqSVOPM2fGXxv8ZHxx8S9Wv1cvbRymC3HVfLU7QfxyT+NcUopmNxJJJPr/OpAMV9jTjywsfH1Zc8uYj2c5p8QMkgQDJNA5xz1rV0yzKxiYr8zHC1TaW5klfYaIPLwoHNSRWjGUJjr3rThtP3YduGPb29av6RpxmM07KSinA965ua50KNjAuoAhCjjHerzwPaiLaSrnHH0q4+mifVkhycAZNW722aTUYY8c9/ak3cdkdB4fvpU0+VixUld3PStzSvFMV0Fg1Fu+EdT0+tc86fZtIT5sljiub1ZzGI2iYqc54qC7Hp1xYC0uluIz8rdSvR/rX15+yldSTaNcws5KK58sH3r4n8DeI5LuA2l2vmxsNoc9vevtv9lW18rRp3IwVY/pW1NtOxxYhe6fQ0RyPSpQSRUKfd9KmXpXorU8exXuv9WwrHue9bF39xqx7nvWg4mHe/61q5++rob4YZjXP34wcVySNYnMXvEzVU3Vbvv9c1VNtZHTEWlDEUlFQUFFFFO4BSg4pKKQCk5ppGaWigCNqSpSM1GVx3oC4lOptFBQ6imgZpdtAWGvzUbCpguOtIy8U7hYhp6csPemkYp0XLgelXH4rEyWlzw/T+Ao9sVuWfQe9Ydh0B9K3LThR7VmUb9oNwUVs2ny4rIsxwpzWvafNigk2LXqD61s2p+Ye1Y9qOQPSti1HzD3qyDTtuGrRhWs+2GWrRh61QpFqPoDVhagQYVanWqsSOAzT0XA9aQLjmnAYq7AAGKUnNFFMAp1Npd1AC0UUUAFFJn2oz7UALRSZ9qUc+1ABT6ZT6AA80hXFLSsKAImpr805qaRmgCKmN96n0xuuags4n4r6gbLwhcKpw8zCJMepbivhn4hso8RXSDBSNiq4OeAMV9m/Fa9WS6jtyw8iyha8kU98D5P1z+VfEXiiUyak8nBLOSfxry6zbnZnq4ZWVyl4eYSSTwN911Oc+1cxqdk1peunTBx0rd0eQRanFzgO5H1zVrxZp370ShfmI6AURajI6ZLmjc4zytrc0qJliMYxVyWHdHkcGkMWCrdu9dSdzjatuM0jV7zwtq9vqOnzNDdW7h0YH07fSvu74VfEa3+IXha31BQIrohUmhzwrDr+B9a+C78AxiQdjg19DfAe5n0fR7WeEkBl+ZT0YelceMjFx5up24SUk7H1SpLY96lX61j6VqqX1ssiN9R6VppID3xXiWPaWpI2AcCkEW/tTfvHOaeJCfu1JpFBLpkF5G0cqCWNuqsMg1zd98JrOV2msJWtGP8KnKiumWcp0NXIrkufQe1WpNbG1Nyg7o4AfD/WIWCqY5QD2OKtW/gHWZW/5YxnnA3etegQyMWBGQprZsIFkIJzk1p7aXc7Viaq3RyGifCeSaRG1G9LLnOyPgGvTND8N2OiwiO1hCcYJx1+tT2Nsqhdrc1rwwc4xWbk3uctSrOe7IBGSOOM9cUjL2P51c8vb1qvPwp7YrI5bspzH2xWZd3ChDk4xVm8uQqkkjjtmvO/iB4+sPC2nT3V7cLDFGu4knr9KhLmdkitIq7ZB498a2XhnSrq9vrhYLeBdzOxx+H1r84vi98S7r4neL59QkJFrH+5toj0VP8T61v8Axy+OOofE3U5Le3d7fRYm2xw/89B/eb1NeTgbjk59a+iwmF9j773PAxeK9p7kdgCY70ufyp5QjHvSpGZHCgcGvVbSVmeWldWRJY2hvbhUx8uccdq6ywsPtd6IlGIYRgkHvVXTrVbGwaUjDycJ6n3rr9N0ddP0yOFhm6uPnb29B+NcdSZ1QhYyL2IKuFX5mO1R6iuqsdLEFgse3ACZY+tZEFsdQ17ycfLb/LkdM112sRmz0m5fpltqkd+n+P6VBrY5TQLFbrWbiXGRt6+n+efyptnbC61G5mI4DbRW74ZtPI0fUbzgDyiFPrj/APWaXRtOK6aZMDMknWh6EWMnXVENrCijB3dK43VpN0ihT0ruvFMWzUggIIRenrXCXERmuSduQPSlcZ1Xgu1M93AkZIwhJX3Ffob+znpjWfhaN2HzSfM3GOtfFXwf8JS6vqFrAqbpHccgdu9fox4H0ZND0SCBU2bVHH0rakuZ3ODFySVkdIi4Oe3pUoGBUan2qSvTWh49ytd/casi6GK2Lpflasi8FDdiomJerv3dq5+/GTmuhuv4q5++rneprE5a+X94xqpVy/8AvtVOsjpiFFFFQUFFFFABRRRQAUUUUAFIRmloqrAR7aSnU2k9AuAOKfjjNN207PGKQXEoK5Winfw0FFdhSx/K9D96E5fFaxWtyJP3Tw/T+Rity1+5WHp54zW7aDLdayHc3LMnatbdlzWPaYAUVsWNAG3arzWvbfeWsq1Fatt94e1WQalr1zWhD1rPtRWhD296oUi4v3VqZahTlRUy1ZJL/DSg5pP4aUDFO4C0YHrRTCcVQD8D1owPWmZNP2H1oAFG6pAuaSNDUwGKAECg0mBT2GelNoATAprjHQU+igCGn0eX70YoAKC+e1GKbg0ANajbQ1Ln8KAICuDio3wqkk9KnIyc5rF8T3507RruRD8+NifXtUzsilq7Hi/xS1ItoeuahuBa8c28XvErYH55Jr5F8QEi8bHYYr6e+NlylrYWWlpn90mTjt618vaw/mXUhxXkTfNUPbo6QuY+/wAi4hPdBkV2+rRf2hpsNwgzvXcK4K8OZ3HoMV33hWU6j4b8tuWh6UprS5rTld2OQuLDy2cAcHv6VQdMIfT09K6y8tQJmQjhhkH0rmpUAEi960py5jOce5ixHzbSZD/CcivpT4SQ+X4csB/sA/mM1802rD7QyZ+8cAetfUnw2g8nRrJemEUfpiufGtpWNcIj03S5pLNg0ZwO49a62x1JLgZzz6VydinyjPetJIyGypK15Fz2NjqUkBqeJcHisO01XyvllH/Aq37J0mAZSGB9KRrB9yWO2MhAA61r2ml8KSOnX3ptlHgqRg10NoyKmcfnQb3sQRaWEUcZHpWpYWGSoApVdQcjgVet5lDDPb0o0G5XLtpaFQD6VpINi4yM+tVI7pNvFE12qg89KqxluSTyqAT0xWLf6gIwQSAPXNVdb8Rw2UTPJIEX3NeU+J/H010XhsTgN96RulZmT0NTx58Q7fQbcqjeZOekann8fSvjr43eJ9Q8QWs817O3l4+WEH5Vr13WnaUvLI5klPV26mvAvjPdbNOmjB5J611YZP2hy4h2hY8NPzMWyQTxn2p0a7iAB1pmeQMdauwxCOMH+NulfULax831uMZeR6DvWnoWmvdzqABhzwT2HrVJEMrqAOvauwstPbT9PREXN3cnYg9BWNWXQ1pR1uXdF0+LU9XNy/8Ax4WIwoxwxrbvrs2MEt1IR5kq5jX0H8NWbSwTSdOitDtEcQzMw/ibv+Vc5d3B1jUlQnCZztPQKOgrj+J3Z1WaOg8CWBVWmkGSqiViepJ7Ve8bu1tZ2toD88wyw9OM/wBf0rR8N2bNpy7QFeeXbj/ZFYHia5XUPF06glo7aLH44I/w/KrTuNqxsGA2fg102ACRUVfxGTV+xsPLs7OHBwoyR68ZpNUgL6fp1r/fZSo9iMD8q29gE/HAQY/X/Ci9yLHnPiVVk1GWUZwBisLRdHkvbjy1TLGQc46ZrpdatvtU8qDjL12fw+8MI15aGfaqSSqCaxbZVly3Pf8A9mL4ZfY7WLU7lMFxwStfT1oqoijngYrn/B+lw6RoNpbW4XykjGCvvXRQ5WvWoxtHQ+fxEuaWpaWnlcDNMXrUrD5etdRxlS6+69Zd3g1qXR+Vqx7s4pSHexjXy/exXPX/AAM10V6c7q53UOmKwehvE5e/++1VMe9Wr4/M3FU+ayOmItFGaKgoBzS7aEXNSUARlcDNJUrH5elRUAFFFFABRRRVgGKYeDin0MOc1MgGUUUUgClzxikooC5G4xSRcyj3OKdIabCf3i/71bQ1diZfCeF6eeMVvWed1YOn9M10NocN0rEo3LEfd5rbsaxbXmMAcEVtWRxQBu2hzWrbD5h71k2ZrYtz8y8VZL0Na1FX4T046VQtuKvQVQnqWoyMYzUqnnFMjjHy+9SCMg5qyCYcilpF6UtVYApj96cTikZc0wCP6VPGPUUyNamoAKXdSUUALupKKKACiiigAoyPSil20AHFNxS0u2gqxGw4zUb8+1SN/dqNqCSLnBPpXLeLGFzdW9v/AARDzJB6n+GuqnYIjk8AdTXA+IbwwafeXp5eb5UHfjpWFXQuCvI+ffjDqCz3l5MoO3zdoJr5/vfnkkftXs3xfvihEJcZjGcDu3rXil+/kwPu6mvJXxXPcgrUzBupd0zN612Pw6vjHJNC3Rugrhp3yuO9b3g+68rUwR+JrqqL3TGnK0jttZsvLlY/iK4DUsw37qOBXqutxiSCGXHDLXkfief7PqLknp2Fc9A6KrMywiM2uQRqCd0uV+lfWfgyHy7CEAY4A/Kvnr4d+EJ5r+HUbxSmD+6UivpbwxDtiRcYzXLjZ3dkdOEWl2dnYrworUjWqNkuCorVhTd0rzND0RjxZHbFFtcSWTAxMRjsasMnGMVXdMVN2UdDpviRiAsicjuK6G18Rx574rh7NexAz61s2iAkD1pOTRsjq08QITjnH0qeLxEoOcGsKCMBeRk+tTbKnmKsbsvi3ykyFNc3rHju8YMkIEZ9TzReEKmDXM3w3ysBVc7JKN/dXWouXuJ3kz2zxWbdR7Y2x0rXdMDFZmpMFjbirMpHFeI5hHG2OK+bPjHdl1Vc/efNfQfiyYbGG+vmj4qz77iMf7VehhVeocOJ+C5wMC8Bn7VahJKyM3QdagVTsA65qZm+QIvrj619De254KVzZ8K6b/aV/vcHy4xlj6V3ujQLc3k19ICY4BthH+1WPoOnPYaGijH2m4+ZsDkCuouPK0m0gtVJUoPMlHofSvPnLmkdsI8sTM8RaiI4zbocD77kd89aztJj3W6OVzNO2P8AgHtVHU53mYLnMtw+B/u+ldXoFpG+uQRf8s7OIP074BP5Z/SktFZlXO209FtA5A+W1tyxPoxrgdJBvrq9mblp5tgNdrrFz/Z/hXVJmO1pwUB9cVyXhOAyXtvEeh/ecdm3E/yGPxoixSO7KLLrdnDjd5Ea4HpjH+Iq2Ri3uX7ioNOydRvJgM7Y+P0/+JFW7gbNJmcfff7o9aLknM2Gmm/vixXAByc12ljcfZbiB0AARgcD2rPsrZbSEn+MjLYqvFe7rgAN8obpWM3Y1Ubqx91fDLV11XwpZyKedoUke1dhGRXhH7PPiASaebQyHauMAn1r3VBjbznIzXs4aXNC583iY2nZlpOTTnOBimx06Suo4yndE7WrMvBWnc/dasi8aqauUlcx7wctzWBejHWugvDy1YWpHPSuWR0RRy18PmaqWfart/xO1UTxWRvEbg0oOadn2pyrxSsUPjApKWjPtUgIRkVF3xUtREYbNAAOaDxQOKDzVWAKKKKVwCg80UUtwG4NJUmfaoM84oAeDmgnFAGKaTmgCNxnvTYQfMX65qVo896dEmJQPStqfxEz+E8HseAB610FpzJiufseSB6Vv2hxJmsSjfteFFa9mPese0OVFbNn296ANuzHvW3bckH0rFtOK2rXofarJka1v0B9avQiqNtyAPStKDmqWpFy3GOEPpU2faoYzwB6VLViHL0paRelLVgI3SlX5qQ8nFSIMUAKi4qSgHFFABRRRQAUUUUFWCl20lOBzT0M27DadRRRoLmGZ9qcWx2oOB2ppGaRonfYYx+bNMPJxT2FMYhSSe1AjN1efEQiU8t96uF8Xsu5Y+scSZx2Fdk2JHkkfovSvM/iBqQtdOu/MJUOhAPfiuWqzelHmkfL3xS1M32vyuTlQcbRXmPiO5eBEAGWPWuu8Q3i3WqzOTkdK898QXhkvWBbIWvOpLmndnrTlyQsZ8r5YN3NbXhaUyTknjHU1z7vnHtW34ff7PY3FwwwO1d01dWOROzuj1uK4F54ZjcnJQYJHNc34Z+H8/ifWJr6UE20b5+fo1a3w3jfW9Iht16s+1kHXrjNfRGm+E4tH0uytEiCb5NrHHWuWlBo3q1DzuXw/wD2UdORUKqyjnHrXb6NAIkT2qx8R9GbTTp0p+VUCggCm6SwaJSK8rFpqdj1MK1KFzobUbiCOMVrWi4rKsua2rUZBPpXAehYmZfaoZYsVfRQRmmTx7xxxQXYgskyc1vWaHgYGR3rLskwcVu2CgEEjrUSL2LkMR9KkK4GadEuO9OdQBio5TWxmahwpyQcVzsq5lY1vai2Qw98VkSR8H3qzIoSrjPtXP6u2VYdK6aZOvvXK60Dlu1aXItc848Wy4Qn1r5v+JCNNdR45+bpX0L4vkITHvivE9csft2u28OM73wOK9DDO07nn19YWPMI4ykuGyCBnFbHhnTG1HU95XMMZy2e9P17Sjb63NaxKSd+F9xXXeGbNbWWKzTB2jMzHvXtVJux40I+9Y6LT7RYpXlmG1YBvOPX0rJ1ad58rk+ZcS4P0rZ1IslnFEDh7hst9PSuevZ2W7llyGht1zn3rhinJ3O2btHQzNPxe69I3/LO3i+X612nhE70v7puPMAjX35Of6VxPhZCLC8uGOWY4r0HwnCselQJj70m/n09K1b7ma1LfjuUR+HrG1wdzysSPasXwNIZtSaYD5VGQPy/+vVj4i3m0WqbiAkefxNUfh45W0lbPIBGfpTWhLd9j0TRlAtriXJ+Zs/h6Vev4iXtoR0Tt61DpEatHEgGARkiprifNxK/Ty+lGhVjP1e98uHbymRg7e9c/YXRExUkkg560mran59y8W/O3qazjK0F7kHAasJ6nRFo+ivgZrxsdXjiLhY3KjFfXOnyi4t4nU5yMV8D+AdW+w6vbSBsAkHn2r7b8DasNR0aFgwJxniu/Bz05Tw8bSfNzHXxj3pZOmaijbPTmpWO4Yr1TxipdDCtWNeVs3RyrVk3ZBp3LiYV4eSPWsO9fb15rdvRgk+lc/qBxXNI3ic5f8ysaov3q9ff6xqpMuayN4iAZqRelC0oGBU3KCiiikAUj8e9LRj8aAIqKfIR6UyncAooopAFFFFVYAPFQ45zUx5pCuKLAM3e1IBmnOc9BTQcUWAdSx/63NIDmlTh8+laU/iJl8J4NYj5utbtscN+Ga52xkG6t6yOX/4DWJR0Nkflrbsuce1Ydn8q1uWPQH1oJubtoMnFbVsuAfesaz65rdtyPSrFuaVqK0YOBms62OK0YOVqokFuMVLUcdS7a1sAA4o3UlFMB4XJzUoTHelVadQAUUUUAFFFFABQBmilWgTlYNtOCY70p47Ubqgx3DbTaduptAgIzTTxTqU807mkWkQv3qpd7vKO3qatv3qpdsVj4ouaGPeMY7dgRke1eFfGTV1hsJiRjAYKSa9s1m4NnYu/vgc9a+VfjprW6aK1En3iWI9Ae1clZ2Vzuwy1ueKaldLbxSyuc5Oc155eT+ZI8h710HijUC+YFOVHXFcrPICCM9ayoQN600xfM3EAd63GItrCCEthSMn3rCtF/f8AzHAUZJro/Dujz+K/EVlp9v8AM0z4A7AetdLjc5rn0X+zF4IuNSja/mj2oykoT04Oc19I3+lbdYsoAu7b89O+FPgiHw1oNpZxrj7PEImz3fvXR3Fo7eLrY44CYIq4U7GU5t7nN/FXws2o+EZJo48yQgH5favIvD9wxhGTX1Neaal/YSWrgBJBg4r5fuNMk0PWb2zkGGik+UYxxXiY+nb3ke1l1TmjynT2Mg4561v2jDafeuUspMbec10enTKeM14p7qNmPpipJI/lpkI3DOatBcjFBRFax7XA9a2rQZIHTFZlun7xa2IEIbpUbllxBgVHK2KkVvlqGZqC7mZffNn65qhItXrs7t1Un5qrEFO7wDiuR1o8sSc11d8Crda47W5Nuc96Zm3Y8v8AF43Ke2DmuB8LaC2ueNI1PzCNd3PGK9A8VMGV/amfCzRWkuL/AFN1BULtVsd69DD3ctDz67tHU8Y8e2kWk+KL2YEF41AjXHc96Z4ItpJ7UzPy0suCfap/iyjf2/c5xgAEH1xV/wAHQ+XYWSdBs3GvUqtKJ5tNXkWNSlD3jSH7sZwo9K47U5DHpU75O6V8GunvTuSZg38R/SuR19vL0yDPRpKyovWxpVsolvQht8P+hdj+leh+HlJsLYAYwM155oI3aRar13OR+dehaDIfKRR2+WnNa2YU1eN2c58VH8qaA5IHy8UeB2/4l0oDcmQ/rVf4uZL2h6jIB/Cl8FuosJSp6DNX9m4krSseuaMVDk54VM1Q1W+FrY3krA/McCneH7sSxTknqmBXN+PNU+waaiA/efBrNNPYp6bmEbgtLvY5LPkmrV2d0XmDkgZrCS5BiyTnLcYrXtZRNasvfGKUkVFo67w5eAJG+7kd6+wPgh4mW4treDfuyMdelfFXh65CtsPRf1r3b4N+ImsNUt0Em1ScCow8+SpYyxUOendH2ZGxHQY5x1qXdWXpF4L6yjkGC2Oa0d9fS3TV0fKyXK7EFzyHHpWVdDFas/Ic+tZV22RmgUWYl9/FXPagM10N/wAbu9c/qHSueR0RZzV8fnJ9ap7ucVbv+HxVMcnNZHRElAxRRRUFBRRRQAUUUUAIy7qjqY8DNQ1VgCiiipAKKKKsAoPNFFADHGBmmkYp78rSEZoARaeoySaaBinIcHFOLtImXwnz9Y4znFdBYff/AAxXO2LYOK6KyOGrMo6C05Wtyx+6PasSyGFHvW1Yn5aBWN+zPOK3Lc8getc/Z5yD61u2wJZeasT0Na2Ga0oBhazrUVpQ/dqomZaTipd1RL1qStgCpQintUVSqfagCUDFIWxTqY/egB9FGB60UAFFFFABSrSUA4qbmUh7daMe9BOaTn2pEBRT8UYoAZSt8tP2UyQUAtCJlzVS8X34q7WZrFytvbgk8mh6K5snc4XxffqFZgSVj+XrxXxh8V/EPn6zdTOwIT5Vr6Y+KuuHTdCuNjY4356Gvi3W4L/xPrDx2VvNcyk5IVcg/jXDUTk7Hp0WobnIXtx58pODjsTVJ1D5x0BxntXu/gf9lrxFr0sV3q1ube0K7tgPNVfjl4Z0X4fWltoumwo1243zuxyVroiuXYwcrni8KbAxxkEAH8a+r/2SPhIbiI+Ib6LMksn7lWHRfWvnf4e+ELjxnr0FqqN5fmLuI4yK/S34ceFrfw34bsrSBPLCpgnHNapGM5W2O10TTvLQqqDYvQ/1rMeIP4qkP90YrrtHt/8ARxg8CubVA/ie9P8AdOK6VoZXubUUX414p8aPDIsPEMWpKmIbldrMOzV7iiFenFc/8RvDp8Q+FbjauZIcyAEelefjKSnSaR14Oq4VF2PnqFQgBHatbT32vjNZixlQR74PtVqFzG2a+S5dbH2UZXV0djZOCoxzmr6c1z+mXQyuDxW/CwYZqDQtwgK4PpWhASW61nx9atJJhqgsuBsDGarzSUwy4GagmuFoHcjuDy49Kpy4PfFSXE43Pweazri4GTzjFWRcrai6g53VxWuTAZwenrW9ql2qydciuC1q9zu+fFVYg5PxG3mtIinnIH516j4a8OL4f8EW3mLtlmG4j3rgPDmi/wDCR+KLGy2l0eUF8HsK938b2K2OmwW8a7Vi+UA16+Dpu9zxsZUXLy9T4n+LloItanAQsGXkmrXhcD7FExHC22a0vi/bGWaVRnjnPtWd4b/5A0j+kOyuiquhzUHfUy4mFxbTMOfnYYrmPFoxZ2qngYziuh0Jt63cfpKwzWF40iIjtiegWlSXvDqax0H+F5hJoynHzwyflXf6HIFlcE8ZB/OvMfB8+bi6t36SR5GPWvQNFm/e2xJG2RAG+oor35i6LurFT4sW+dOtJh8wLcGsbwRc7XVMjY/y/Sun8fWv23wrvCsWgavPvCF6yt5Z2iRTmrWsQXxans3hab5Cp4YDGPWuV+Jc26UwqPu881raDdhZ0cHgjOPUVhfEltusDBIWSPj61hS3saVFpc5zTpRNaso5ZDk1r6Pc5ZkOc1y+mT/ZLx1Y4V+vNbMbG2ugyknHWtJqxlDU6uzn+z3St2r0HwpqZtLyKRWICnK815ypWSFJf4T0rodDvl/cuciReorjs4zujrtdWZ92/C/xGmp6bEGkyWTBHvXowOQDnrXzB8GfE32e4SEtjnIya+lbKcXECOpyCMj3r6ChNzhY+VxVPlqElx8qtzWZdfdq/ctuQ1l3RO2uuJyWMq86sK56/Oa3bw/MfesG+rCRrDU5u/5kqoBg4q3fffzVLHOayOuJNRRkUylYuw+im0u2pJFooooAU8jFQkYOKlpCuTmncCOigjFGKdgCijFFMAooooAa3TFITilbrSEZoAKVfvVGTipF+9RH4iZfCfPdgctXQWZ+cDPWua05ssPeuiswdwPYVBR0tkcqtblkcKB61z9kcKPat2yGdvNBNzorPHy1t2vVTWDaHG2t61+6tWTJmzan2rShxjFZlrWjDmqiSWU5Ye9TFMCmoAFWpSMitgI9tTgYqIDNS4oAXdSHmg8UUAGafgetMoU7qAH0Uu2jbU3E3YdjjNJTjwMUgGaRje4lPAzTcGnDigQUUUUAOzSZ9qTBoPHWrsAwnFc3r2+aQKq7sV0Lvg4qpLEudxXBzjNHLfQ0vY8k8SfDI+K7gNe7o7df4AetXvDvws8P+HkAtbJAw6tivQLqMmTAGc037KIkwynOM1Hs43ubXZzHiPUYPC3h65u3/dxxx/LX5veOtduPHHjC6vZSz/aZdqey+lfWX7Yvjx9K0Wx0a1mCNcf6xVOCor5o+FfhY6/4gErDzIo3G0H3pWQ4ts99/Zl+G0dpi6mjy42kZr7E0u1BSNdvQ5xXnHwv8NDSNItkCY4BLfSvWdKtwZVNbQVzGozoLKFRb9McZ4rh7KQP4m1D/er0SGHbb/8AAa830XL6/qHTO8j8q2asSdYqcA+tWrKJJ2aGU70lUowPoahRcqOelSwrtZSOorNpNNMadmmj5z8deGn8OeJLq3ZNsUjb4/pXPk7Pevefjr4U+3aDa63boWkt/kkxzkV4NKpGc/h718di6ThVufZYOsqlOxoaVIMqK6yzb5R3zXC2MpR12812+lP5iqa4T0jUSnO+DmgR47016VixXlwtVZpjTpWwtUJ5MUWJuFxcnLGsm/vAiEZ61YuJfvVz2q3RTIPUVdiLmVquoA7xnntXHajJ5jYznJxmtfUbjezViywPeTJFGpZ5DtUD1pxTk7ImUlFXZ6x+zj4ON3dXGsXEIManET+1dZ8UPuSHODvxXpHww8GDw14HtoVjCsIuR6muA+I1rujkB5+fNfX4ajyUbvc+Qr1vaVbnyF8WbcO85Ix8mc1zmgBotMnjOMMMD2rvPibZtMSpXkkDp61zg0g6ekkTg/6rd+HrXDUd3Y7aLSVzz/Q7v7LrFxA/8bHb7k1X8cwk2iED/Vtgn+lUNRmOn363A5aOUk/hXReJIRe6PKV5Lp5ufelFcruadLHnujXn2DVbd8/Lu2tmvSrRwvmKgHyfvY/da8mnTY6nd1GcDvXf+GdVFzp8bn5pIh5b/wC76VpVjzK5OHlyuzPRCiatpVxCX+WaLjjvXidm50vVjHKpTY+xuP1r1/Rbgxkw4yUIaM+oPauA+JOjmw1lrpAfKnOQR6+lYU3b3WbzSvc6rQ7sGMDdyh4/3ak8d2323T7e7UZaM4rlvCeqhwN7chth+lduE/tGxltXIJKZWoa5JaFfFE8wmCI42rliM1tI/wBohRkGD/ED3rKv7V4meGQbTG3J9RS6bf8AlymGXle1bSXMrmUNNzs9Gud8HkvyAcD2rT02Zoroq2OmQa5/TgbeYFWDKTnNb9xA6qk6LkZ5ArkmmtTri0exeA9XeExTo2GT7xr67+H+vLqmlopbcwPy4r4a8D6mq3IjLlUl7NX0r8JNfa3ne338xHeMnqK78HUurHj42lf3ke6TcpWfdY21c84T24kXlTWddNxivXWh4ljIu/vVhX4xW7dnLVh6genvWckXHQ5m++9VMc1bvm+fFUwcHFYHTEXNOTj3puKcBig0H0m6m5qQcjNKxIlFFFSAUUUUAI1HFDdKjzVgPyKZSYPrS0AFFFFADW60lK3WkoKsNZe1PX71NbrTk5aiPxGcj50044kA9K6Swcjg8iuaseJM1v2Lc4qCjprNvkB9a3rFvu1zlkcoorfsRwpqrEHRWhztrftvurXP2f8ADXQWnIUUxSNi1rVhUVk2prShaqiSXFb5VqaoUXIWpwM1sAxTVjI9KjZc07dQAEbqNtKvSloAZilVdtSYFJtoM7sUHNLkelIBiioI3FJzQDikooEP3j0oHNMp4OPemlcAp/l4OM0LCzn5RuHrV2HTi5JbjFaKAFQLkZFRS8nAq7NEsQwOabbWL3U2QuF9a35QKUNpJO/yjI9aL6H7PFjGW3c+1dGbaKwgJ6Ed6zEt/PdpmHLnJBo5R3MmC08oFmXJPrVPV7n7DbSztjbHGWJPtW/cx4JGeBXl/wAcPEI8NeAdTuWk8vMZVT7msp6bGl2fCHx58XSeLviFqUpcSpE3lxgdPpXrn7OXgsx6fFeTxFJHIwMdQO9fPOmWT+IPFFugJd5pQx9ya+8fhR4bOnaXbRMBviAXp6jNZJXNVoepeH7IRWqLwABjFdfpUXzKRzWNZWixKoFdPpVqMqBxW8DCWpsopW2yQQNvWvMdA/5DF43fzWFestbO8Gzdxtry7S7T7LrV2gzkyFuferkSnc6xEG0cUqnb2pYlyimnbPasyjW0+3j1fTJ9PlQOkq4KseM18peMtAk8Oa3fafICvkSsoyOuen5V9T6U/kT9MD1FcP8AtB+AjqOlxeIbSMvKnyzlf7vqa8vH0faQ5luepgK/s58rPm6CQRzgjoK73RHDRKRXAhNpAxya7PwzMBEoNfJ9bH2EWrXOoHJxUUq4p6uM5qOZxTsyrlOc4Ws25kAOKu3bgr1xWReOFb72auyEV7mXAY1yWsXZOWJyScV0N1KBGxzXGatNuY88A5pEmbM/mM3Neg/A/wAHHxN42t7iWISwWw3AY43V5/BbS3UywwqXlcgBRzkntX2n8BPhpH4V8P2zTRYuT80pPJLelelgKDqTueRmGIVKPKjuLrT0stMij27SExgV4V8QbVmjcqvVq+idbhc2xAHAOea8U8baerxTAZHOa+z5PcsfJwlrdnyZ8RNOU3QBJBLL8tY3jHTzaz2LKuFkjCNkdQa9I8XaL5+rJGSSCw6j0rD+LmkGKzsrhQR5bLkjpivHqwsetTnbRHyr4xsmt7m9DLhRIcD61d8K3w1HR5bSQ73j499tbHxCskNzKSo+cZ/TNed6Jqcmjavkn92zbH+lciV9GdLbTuVdb09bK7lRc5RuM0vh3WDpt/8APnyZOHWun8Xack8qXUJDRy/MCK4V1ZCe3OTmumK5lZmT0dz1zS9RIG3dlhhk9wK1/E2nx+I9HdOjgboiB0avMvDWvZVLWZ9pU5ic+voa9K0bUFnzExGZB8w9D6iuCUeSXNY7oyU9zyjSrltJ1IpJlFz8wI6V6To1+RErBt0sfYdxWN488LyBnvYYuUH70DuPWsbw1q5t5I4Sx3Idq5/iFEnzK443irHYeLNJW9Ed5bgBZBhl964W6tGtpmIGJB1Br0vTZ4ZrcwyEGCTkH+6aw9Y0ZYpCk45xlZAOtFOWlmEkjF0q+Pyg8iu60m886PCnBPt0rgpdKns5SUBaPsRW3od9JbzIGYhT3NRU8hxO50e/MV0oeMBk+6a9z8F6yYprO7xsVSEcjuD614MUEirPHzjrivXvgzf2+qR3Wm3MZY7BsycHIp0WuYitHnpn1RoOpEwKhO6NwCp9jVy6bjNc34JtzfaCnlMxltwEIJ547V0ktvL5IcoQp6Gvooxco3PmJK0rGTdtgk+lYd++ce1a1823d6+hrEujgnPAFZTugiYF8cvmqe75qu3q4brVLHOawOqJMCD2ppbFKvTNIy5oLEwamX7tJgUo4GKCRCcUUjUbqVgFoBzQDmgDFFgEbpUdSN0qOmAUUm6loADxSbqU80m2gBCc0lOK4pm6goGpYz81J9405Ew/WiPxGctrnznZA7q37FfnHvWTYp8+K27MbWXvUFG5YchR0roLHoB6ViWa8A+lblkMU7isb9pxtrfsz92sC05x7Vv2owFNUTJGvbcMRWlD1rNt/vE1pwjjNUtCC5GentU69M1XjqygyMVsAtFKRim5PpQA4HFOpgGafQA6iiipuZBRRnPTpQOTiizIA8e9A9+KlSImrEVsD1GavlArLEWOKs29i0hxkVfgslByRmtGC3VF4ABreMLbgVra0WFMYqS5kESMQOKmlYIvPFZxVriQ4ZmLdBWuwFeK1kvp/kHFdJb2K2lvt4B9al0nSxBGC3BNO1ec2kShQGdulVYm5h3rfbZxGoOwdacYRGAOwq5Z2Zgi3Mcs3XNQ3ZwM4xUlLUw9QcKrDvXyj+2d4kFr4dstIDAyXTlygPRRX1LqjFiQOM96+Bv2uPEi6v4+WCNwyWkJXOemTiuSozWxx3wE8OHWfHNrKVHlQkOWPtX3h4NsgiM5HO4EfgMV8ufss+GN8FzqEnJQhFU9TmvsLw/pwgt488H0pwSZpc34FwVGM102kRE4IHSsKzj3OvGa6zS4fLUKB8571vFI573NFo2kBGcYXrXCatYmz14lRgyHOfSvQ/JAULnkDFct4ots3EUoOGHeqsmRexDAQY1qTb9Kjg4RR1qxFG8sqxquWY44rNpIu5Y023a5mCICTnBPpXUXL2SWE9lcIbuKYbZR1AFVYY10u3a3gwzFf3jt1z6CqhIUMSMmspLoC0d0fO3xX+Dtz4Sll1XSwb3RGf5mQZaD2YVxmhTbHC8gduOtfX9rNFiSKeJbm3mGJI26H3r5++Jnw+XwR4j/ANFLPp9ynnWzf7PcV83jcJyPnifT4HF8/uMxku1P8VNmuRjO6sprjZ1qtPfEDHWvKPoC1d3OBjNY93cAcnJpl1eFuhqhcXbYwTQAzUJztOOhrl9QBkdhn0/Wt+VjIvrXafB74Yf8LE8aW9lICLWEq0xA6+1VSpupLlRhVqKlHmZ0v7PHwMu9SuE8Sa0BaWsOHtkkHLY7mvqLQdasZZjZDEJX5UY9xW5NoVpp2nQ6XbxlIIhtz0wK8713TZLC5RlwpzlWr7PDUVQjtqfDYjEOvO7Oz1qArC4k6j0ryTxZa7o5/l+nvXpmiaufEOkGOQj7ZbfeB/iHrXIeJrHzFdeARnH4V3ptnKtD5y1XSxJ4kjQoX+asb4r6ILrw9LDsO5EBH4V6Xa6T5/iskruUL+VUvHOkq9oImXILbTmuWpTumzupyPhjx3CZNNtrjHKqd2fbivJNVt90hkXG1vSvePHOmGPTdStmQs9vMwIPYZzXht1IsMrxuMITjHpXlRij0009zW8NamuraYdKnP76M/uie9c3qto0U75UrzgA0TJJaSLPbSco2Qy9a6DU44/EGnC/tmVpQP3sfce9arTYUtrHHo5Rhg4xznuDXYeHfEzb443cRzr0duhrkZ4yrt6CmBwMckkdKmS5lYVOXIe/WV5FrdsAxDsq7SD3HvXA+KvCT6ZMbu3BEEhzx1T61n+E/F72U8ayt07+teoWt3a65b/LtcsMtGf4vrXFOMqfod8JqZwnhrXkcC3uR8wOAexruY1i1S2NvcYdyvyPngVx3iDwUbR/tFmWV1OfKPb6etLoPiApI0MoIIGGU9vpWKs3dFJX3NK5sprOdoXBSQfdB6NUSTBZCJ4NyjqV4I/CuxiFtrtqscpDSfwuvUfWsbVvDs1s+xlCMPuzKcg0xpWNjw/fWciGJnZN3QY6V1/g+8/4RnxNZXSy5iaYBs+hrymy1CfTptk6gKDgMB1rvNMuUv4ApwXGGDdxilT913CW1j7W8C6lDZ+I9kTf6JfxiSLd0LGvYdIsopojA6AqgyARXzD8ONZbU/DtlceYGms9gxnkDv8AlX0zot8GktZV+7Ko5+tfVYaXNC58vXjySItX8CWeoZKrsJ7ivPvEPw61Cx8ySFDNGO3XNe4CIvjPAIzSvDuB3AEHsK1lRUzjU2j5Iv45IJSksbow7EVS4PTJwcHjpX0t4n8K6e00d21uhkLBeRxzWb4j+CVprGjm6sMRTr8wC96450HA6o1D5/U9sUtW9R06bSb6a1nQrLEcEEYqpIa5GmjpUr7D8ik3VHn3p+B60wAnNFFFAADinA5ptKtAA3So6lIzUe2gBu2lPFFD96AE3UbqbRQA4tmo6dTaAuKvWnq37ymgYoU/PmiPxGcn7p4HZJh81tWq/MtZ1kuW6Vr2qfMtQaGzZocAetbdkpNZlmn3a2bFRQTc2LNa3rU/KvFY1oMY963LYYU+9WLc1LcVpwNlaoW4q/brhapakFuOrSVVj7e9WYz7VsA8jNO2UtBOKAEWkpVpaACpIITO+BwPWo62LOFY0CjqaaSMLlW4sEijUA/MajS3yc4rX1OABozjnGajiiB7VryiIYrbNXYbX2qxDCPSrUUQAzWsY9ybkccG3rTmwq9asOuKp3DZJUdq0sFyrcnzGwOV9K0dH04Bg3JyMn2qGztfNYZFdDaQCKFNvBIwaVibsdtQRc8Ad6xII/t8zSyAlV6DNdAy5UqRwa5DXJrjSJzJbfd/u1rZBc1pUCAbeg9azdROFPtVOy8aW96dlyoik9+lWr91lhLoQwPTHesXoaLQ4nxFfLaWs0xbCxKWP0Ffmh8R9R/4SXxxqdyrCTzJ8L7jdX6BfGzXx4f8Aa3dP3tyilfU96/OmxgN5qCHlnZwQR7nNcktTdan2L+zj4eWx8JQSrEfMmfzc/7I619F2lsIoUDfeFcL8IvDaaR4V09ApyIUAB9D96vTLG1aeVSVyPStKaIbZoaTakqJCOO3vXWadb+WodhhmGcelZthagkbf9UnStyMKRznOMVtYxuTNj15rnfEkG+1YjqveujKg1narAZbSTjPGauwHLWo/dqSa6bRLQ2yPOwy8g4B7VzlsY4UM0zbYYV3t9K0fD+tNqcDzMdrE4Uf3a5pM3cdLo1JsI/OS2cjPrVd2JU9s1fKJdLknbJ6Gs29V7f5W4Pb3pWbMhAfL4zyentXO/F60XUPANhOwBktrwRq3faeo+lbiFmcZGcVi/F+4Sz8I6Rp+ds1zL9oK56KO9cWM92iz0MCn7dNHz1qETIuR6Z6Vz1y0i9K7m6thKpGOgxXP3+mktgCvj7n3Vjl2kc9c1CzF+taclmynG3NU5bZh2ouFiJE4wDivqv9jjSYZLfVb1hhg4Ct34r5ZETJ2zX1X+xzqcX2LVdPLASht2PUetejgGlWVzzMxVqOh75PbOLl2ZA6N61x/ivSd9rll5QZBr0mbBUs2Ag6k1yWuzrdeZCo3c53CvtD4WSZ5bpuovoOsR3CH5M7XB7itvxJBGYRPCP3Mil1b1Bq5e+GUulP7rORzVNVzY3ekzOPPtk8yJT1PtTihrU800LTkk1S7kGRj5RVXxzpZFsZI13Fa63wxYAwyzFeGcj8qZ4m0/dZygdl3U5aqxrCVnY+E/jVoz6d4l1FVhCxXsYYHHBPevmDxBB5V0/HRu9fcX7ROgsLGy1CPOxGCkegNfGHjS18m7YDBBOcivElHllY9im7q5yKzNETwCD2q1pd9/Z1550Y+Q8NGehFV3TNN49KZUmaOrWKyILu2+ZHGSAPu1glAAT6VtabqX2SUq/zQsMMnr9Ki1fTVjImthmFuhoWhFjHDMCCDgjvXR+H/FlzpU0bKx4OSc1z4jJGc0BMY9BSaU1ZjptxPfdE8RWfiK2WOchZh09qp654NS6kEsC7WPeOvIdM1aSyYZDD3U16f4Z+IA2JHdsJ4s4WQcEfWvPqUuU7qdVSE027vdDuBFcxfKPuyx9Pxr0HTNQttTtTHMqvG33XHWoI7ew1yMvE6SRydRnBFU/+Ecl02QtalkB6K/Q1NjdNPYdrPg+Mp+7kDoV4OelZmhSXGk3Qt7g4BPHrXX6RqAA8m7iKkHZyOvvVi+0KC5G9U3J2kH3lqAep6T8Hdd8u5ktGwFmjPHZia+tfB148uhWbk58sAZ+lfDPgq6fRtUtWY7kQ4BPWvs/4c3iz6asZbdHOMoc9K9zA1NOVng42m17yPZLN/OgRieqZq3HDuGKy9CbfYpk8g4rdhXjNeylY8U5vxemNPhOMHzVFdl4bhD6dDu6bRkY65rlPF2Hm0+LGQ0wz+Fd3o8Igs4lIxwB+VTItaHh/7RPgIJZrrdoo3IcybB1r54Zty7u1fdXjbRk1nwtf24QNvQ4z7V8N3tt9kubiAjHlykEfSvLrq2x10W72ZBz7U/NGKKwOqwobJxTqYODmn4HrTJClWkpwGKACk20tFAEVD96kkx2qM80AMopcc4pePagBtFFFAATimqeelK1OTB9qqCvIzl8J4tawHPFatsuGXiorZAKvwRYZayNDRslPy1sWSEVRs4/u8Vr2ajnjpQQa1qPu1s24wtZVqPu1rQcCrA1oOKvwnjFUIO/tV6HrVRILsY4SracVVj6D2q0vTNbAPoIzTaXdQALS0AYooBtIkhTcxHpWzbITIvpWZZLmRvpmti1++OOlaROc0tVhA8lscFaqRx7a2NUh3WcDjsMVniPFdKJuTQr7VOi4GKbAuTgVOBjtVgV5nC9arLE0knAzn9KsToGIyOtbGmaYscZeQZJ6VVgKtnbeU65FacIwwB4BqpqE32aQbQRj1q9bkNErGqSMrjZecds1zOuKs4cNzj0rorttiqveud1FgZH9+1JuxSPPNS0orL1J96rJcXdiMrK+B0DHNdLekO+dlZd+iCI54xXNJs1Pn/8Aax8VzwfD4WDuvmXkuCBxxXyr8PdPW+8T6fAcqrTdOuQK9h/a71sXHiHTNLRgfIj3uuelcJ8CNNF/46gcnJhQtg+9c+5snY+7NH8X6LZ2qRJcjagwuF/Kus8K+KLDX7gwWBeQp95tuAK8Ut9Ja8ljhjUvJIcKAOtfQfgbwrB4U0mOFFHnyDLvjmt4RIkdNbqIYwg6fzq5C5bvVDdtOKntmyetbJXMjTAyM1FcxF0Kg8MMVLC3GKew4B9KuwLU8t8YXotQdPiOSzbpMfyqbwZckJLF3ByKz/F9sU1y53dW71HoV0LS/j5wrHBrzW7Sszvgv3Z6DDIx6mtHEd5AVkGdvRqyUbIyDWhYhSJZJG8qCBDJIx7KBkmui+lzjaaQyLQJJLlPLLbW7jsPU15L8WPECa54skS3cPbWa/ZImXocdTW/4k+NIubae20SBrfzCVN4/wB4geg7CvLWJZiTyTncfXP9a+dxuLU1yI+my7BtNTYYHPvVWe3V1qyTimucr0rwT6NJrcxbnTAB8ox71j3dhjtXVuCRk1QubUOM0DOUmttoz1rtPgt8Q2+HXjm3vZWxZzDybgHt71gXkIQYxmuf1AeXu4PI4A9a2pydKSktzmq01UhZn33qHxR0W8SN11e2SFvuoJAWP4VYsLm11FUa0u4Z9wyNr5NfFfw08JPqQGpXa/u0bEYY9fevYtJvp9BuY7i0YxuhyFB4r6/DYidSF5RPjMRQhCVos+h7e2LMPTjPfGa8V8aeI20v4gG8UZigfawHdc4xXsXhjxBFqvh6LUlBQjHmD0xXzj4uuGvr+5lY5M8+R9N1d6nZXONRsemaV9nlgR7cEQyfvAPrUGrWpmtmCruqzokIg063j6AIAPbFX5oRIp4wDWqV9zJ73Pmz4reHzqnhS9jK7mTJAP6V8CePdL8qV/4SjFSo9q/TvxrpsZku4NmVeInB74r8/fjJoJsdc1BBGuMs49hXm4iFndHp4eeljwJ0KsQeMVEVxWheoFlIPORmqrLXGnc6mmyCrVletCPJkG+F+3pVYrikqirEt/phtys0XMBGc+lUNuc45ArWsrww5il+aFxgg0moaZ9m+eMh4j0IoepnqZS5U9Mj0qaK6e2IMblcHOO1L5YzjpxkZ701kGcd6VrlJNHWeHvGcttMvzmJh0GeDXq/hvx/BelUnf5m/hboa+emi4xgjHQ1pafrE9pIBksvf1rnlTXQ6YVbbn1OsNnqUKshCt7mpoobiyBwA0Z6jNeN+EvHbRrgybwvVGPNeqaB4ntNSTIfL91Y9K5HFrc61JPY14nzIkijDE5x6V9J/BPxjBf6ZFYu4W7gbgNxur5tdFkX5fkNelfCrGsK9urGG6h+aK4Xj867MLK1Sxy4uPNTPtbwrN5yOmcfxD6V10MR24xz6V4j8M/GUx1dtG1LMV/EgMbEYV1Ne7WRIAYDqMk9cV9GpXPlpR5TmdTj+2eJrCNeVQ5I9K9Ct4vkxiuD8Jj7d4x1KdgWSNiqntxXoUOQMU5MaVwktvNt2jPR1P618T/FbQzovja+h2hEkcuD7GvuFWOAD2Oa+bf2o/DaxtbatFGAobbIR6Vx1EbJ2dzwAc+1FKRu6Uh4OK4jsuB4pN9KeaaRigdh4bdT91RpT6CRwOaKAMUE4oAioooHNADScN0pKcx+am0AFFFFBVhpOaQZPtT6VcbsVdP4jGXwnllvGc4xWnAuWXiq0EQGD61dt1+ZeKxNrGracY46VqWiYBPrWbbcHGK1LM7gRjGKqxFjTtuNta0PQe9ZVsOFNacD/IDimtSJaGvbHOfer8PWs21fBxWjC1VEkvRmrSHIxVSLmrSVsA+gDNFOAxQAUUUoGTigiRbsFy+emRitqyXBzWNajay1tWXP54raKMjpriAtpMR64rJxzjFb9orXOlsgHOM1iMNrHPY4rpiiR0fDccVZzxnFVFfa2SKuW7eYmcVdgEtoDPdIh+6a6SNNiAZ4FUdLtuA5GDV6X5YHycEDNArnMa3OTckBjxWtYn/RkPXNczqU265Y5/Cui0w5s0J7DNO9iLEepSBMHqRXM3suCxPWtrUZQWZs8DtXLajNucnPB7USaLiinOzO2QBWPq8nlqSxAGCSPTFaQfPfNcT8TteHhzwrq+ocCSGE7Mnua45Ms+F/jhrq+IPiTqk6NuijcxRnOeAcYrqP2cUx4pvZs8LBgHFeQ6jdvfXs9xJzJM5dj7k5r339krTor3xPKJQCDCcj1xWS1lYs+yPhl4VEAOqXKnfI2YlYdB616QHIXGeM8e1ZukELaIigAKMY7Yq6zhVrrhdbmd2yVpPmqWzfcc574rPaT5utWbCTJI9Dmr0QjoLdSx96uNGfLJ9Kp2IbzV5zn9K1guATjINUTex5T8Q7Yx6zE4X5WTB+tc1CuGB6EHOa734k2eyO2fbnLfe9K4VUPWvPqR949Ok7xsdto9x9rs4mc/Wum0mIHTphKgdJQYXB7qRg1wvhmbPmxZ6dBXoFgcWcQJ47iqjquVnNNNO54J478HyeENemhAP2SXMkDdindfwrnDxX0L498OHxR4amt1UPe2v7yAkcnPUV89SfKzKeGBwQex718njaHsanN0PsMurqpT5eo0nNIRkUUE4rzz1m7jWXjFQTrhelWGPGarXGNh9hmgRkaimExjms7SPDdx4l1iO0iB2bt0pHYVc1mYquBycgYHcntXsXww8IjRNHM1wo+13Lb5Ceq+1d2DoOtLyPKxtdUYW6l2y0CPSrSOCIbY0XGAOhqKRcPwOa6ya1DDB5z1rKu9NYklcLjqOv5etfWwhyR5T5Jz5ndnR+D9SbT/Amu5bJ3KqA+p7fhXm2ooJNRtUIyN44+pzXcXoGkaDFpYYefcH7RLjt6A+lcekfn+IrNOgZwT7Yq466CPU9Pi+6vUYxV8w5XpUGkLvRTitfyTt6V2ROKTZ5v4004boptvTKt+NfEf7RXhr7JqRuMEqWKucfw1+gfiexE9uRjII5r5I/aF0M3+mXjIAZWjYrkdx/jXJiF7vMdeGn7x8CazaeTK64yVfFZe0MSAeldN4ihCXrqQdjfpXPFRHIVxgmvHWh7RUddpwahKkVcdNzdM1GcEZxW10TZkGxsD0HrWhp12InaGXBifse1V1Qsp56UhB5wMGi6CzLt7pTqokRd8fVWqksCk7sc1r6RfMuYpT5kJGMVbvdICP5sQ3RN0x2rPmKOdlt93QUzyCpyOa2DbbGwy/jQtkJD8q8+lHMFm9jPtxJC26P5WHRu9dv4W8QM0nlyHZKoyCOM1y4tChwQc9/arVorRXMTKeAck+tYS1Noabnt2ieJWeMCcl4z3NemfDjxM2ja2jqQ9tIMOua8E0m7KbHzlJOg9K73w1qps7uMH7i/e4rCDcZ3Npe+rH2jq4a90/Tdc0uXc8bIVk/vA9q908HeMl1rwxJdEqs0UTCUehXrXy94R15rDw7uZjLpd3Eik5/1EntXp9vqT2T2LWhC2eqRrbzFTwSP4h9e9fR05XjdnzdeC5rHtnw1tT9klvHyHnYtz6Gu6TisTwrYpZaXCi5IC7Rn0rcAxW+5z7Dzz04rgvjNoC694LvowN8gjJHHcV3m6qmqWwvNPuITkloz+tZTu9i+lj8/wBEMbEN1DMp9iOtMdcNWt4v01tH8U6naupTbOzBf97rWQz7jnFee9JWOmn7yuwpCM0uaTdQVcUcUu6mg5paAJN9NL57UzB9aWgAoTtRShcUAMb71JSvwc0gOaACiiigoKVf9ZSUqcsD6nFXT+IxnpE8/hj+VauQrtdRio4o8AD0qzEuZFrE0uaNsgLVoWwxuqlbDDVdt+AxqwNG2OFWtGLhKzYOAoq/FyvWghps2Lcc5rQhasuB8VehaqWhBqw1aQ4Gaz4ZKto+RitLgTg5p4OaYOBSg4qhN2HVJDjdTBzUkK96aRF0y5bAFlrWsOTj/arLtkI2mtS0OHx75raKZmdno0wDGMdCMZrHvIvLuWXOTnJHpV7SXKvnIPGaTXIAs/mJ/H1rpiZ3MiU4rR0MeeNtZk7AfStPwr8xz+lFyjpIYwkYUcYqpq0oSE4OMDBq9j8Kwdeuisbj0qjOxx93c7r4g967GyfZYA46LXAB/N1IAnrXciYR6evGQRjNTcqzMfUptoYE9a5W8m3SEZ6Vp6xeAkjPSubmuMysc5ycKPU0pNFRJy/7vg4P0r5u/a88Yrp2gQaLA/8ApV225wD0X3r1Xx98YPDvw/s5W1C9DXH8NtEcuT6V8L/E34g3HxF8WXmr3OAjtiKMHhVrklI0Sucjkbuufwr6L/ZFlVPGATHJtnHHqK+cfMUHK5r1D4I/EuH4d+KbbULuH7RbRhkkjU/OAe9TDR3Yz9LtJlAtwSeDVqSTtmuD8A/EfRfGemR3GkXiXC4y0efmT6jtXUteoxzuwO3ua7FJMzsy25w33s1csDidTnislZwxzmr1lIRIppDasdlprAvnrW9EgKjvmub01vnwOK6azG4IPWruRY5T4i6f5miFv7rcV5cq8Yr23xnYmfw/dBRuKoTj6V4wqH0rmqdztoSurD7CY2N5FIeF716ZYygwrg5BGRXlrKcY7e9d54evBPYoc8gYxUR0HUTOijkKMHBwwP6V4n8X/Cq+H/ERubaP/QL/AOdGXoCetexiXCnvisvxxoK+LPB97p4X/TIA1xb467h/CK5MdRVWnpudGBqulW1eh860jdKFUodrcN3Hp6/lSsOOtfHPR2Z9xH3le5Ex+U+1UL64VVK55K1ZnlEStuPNYkyz65fR2Fqu6Wc5XHYU4LndkYzmqau2bfw88OnxL4gW4uELWluQwJ6Mwr6DtLRpgqxpkluAozxWf8Mfh1NZaTbRKhWAR5kk7lq9LbTYdJt9tsmzjBk719lgqCpxvY+JxmI9tM5WXTRZwl7yZLbH8LHJrD1DxNYWxP2K3a7mC4SSXhV/CrPiAF2LNkse5Oa5Xyy78iu6Xc5Urk/2iS6Lzyvvlc5Y46+1Z+hDz/GJH3kRM/StEjyoT0GKoeCUM3iG9l7BQpPrmoiazsldHregqNg7gd63RECvSsnQoti8DiuiWP5a7InnSOc1iAeRIMD2r5x+NmkIsM7eWXXaSCBnHrX07qcQIYbRyM14p8UrDzLOVB0KEY+tTWipQsbUGoyPzB+JGlf2Zr80K/dDsQMdj0/KuMuYhtL7csPSvZfjtojWeoJcEfNjBIHevILnNuqzryO4NfPS0dj6KGquyii5YZGM1HNEY3UEAZ7VJIMZIBwRnPpUtxH5kKSgdO9O6KK1tHmVh2xnNEkXPpU1sMTpj7pWpb6Iq3AqbklDm1lDKQMjPPSuo0e9DLtf54JOoHp61g31uJbISKvQYqHTbtkxhtoU7cD0pLXYdjtL7Q/KVpEHmRsM5HYVSFgY5QydDW14eukuoVXzN7bsBD3HpU93pgQMUBAzgCs22i4mFe6c8kJmjA64aqKxHjb0Fdbb2waKWNzkMMHFYl1ZmymEROc9Dile4amloE3mwm3Jy6/d9q7/AMKzr9pi83LKxw1ebaS32a6XnI9RXf8Ah8lb4FT0fABrCW9zpij6n+Bl1Ff2mo6DeATIUJQMOhPSvRPh1bXN1q03hqZtz6U4kiB6gGvFvhxfPpmtaVfo21JpfJl9iOle++FkNr8QY/ESNtt7q5FvI2OMD1r3MO24ng4pWlofTvhibztGtcn59u1j6Gthm2jNYfhvMazR8cSdPbGa2nORivQPPJBzRkY6c1Gp4zT6B3PkT9orw8NG8cLdRqdlypYk8civKq+jv2q9JDWenX4BYRyYZvY184jk4rz6kbS0Oik3awUUUVkaig4pwOaZSDg4oAkooooAKfgetMozQA1+Tim/dpWPzUEZoAAc0UAYooC4UsfDKP8AapCcU6IbpE9zmrp/EZz+E5CNfaplj+dTT40p6Lkg46VnY0LMC4arkQwpqvD1yRVpBhaYFyI421dhPGKpRjheasRNigm5qQ59a0IGzWXC1XoGxVE2NWJsd6txvWXG9Wo34zVkmkGyMVKDmqaSZqdWp3IkiVTzirUP3aqKfnA9a0FX5a0iRYvWy5QH0q1bgrJUdouYv6VZiXD5xW8WSdFphwc/7NaWpR/arPcflZBn61kaW4BA65GK24iJEkVuRtrfYyZydwAYyO4q/wCFHxLVO+CxyOMYI7VP4WOJsZoHc69pAoyRXJeI7lcOB3rprk/u8iuI16c/NzQ3YS1Ob04l9VUZ74rt9RuGh01FA4HeuE0Rt+qqffNb/i7WYrO0CZxjOR7ipujU5XWNQVGPzgeuTjA96+ZPjZ+0yuhzT6F4akE15jy573GVjP8As1V/aV+Ok+khvD+kzBbyc5uJUPzRj+79a+f9N0GPT9LGs6qru8pzbwHrIfU+tYyfYLWM65F9r0v2zVb0+WeTJKxJJqXTktrlzDpenT6pIvGVTj616n8OfgFqXjfbqesq1vYt9y1749a+ifBvwv0zRZ0tbWxSLC9VHJNZcjZorI+Qbfwh4lljLzeFXWEf3F5rL1TwwLcMWtrrSbnqEnXAcema/Q1PBjpz5ZGOtYnij4e2HiCwe21CyjnjcfeI+dD6g03ELeZ8GeDfHGt+ANbWayvHtpUOSgPDj6d6+9fg/wDFa1+J/heO+QKL6A7LmIdVP976V8afG/4XTeAtRUxsz2jfPbyn7wTvu+lW/wBnbx7J4P8AiNYRvMUsL92tp0zw244U0otoR+g9rKGrb05sstcnptyJMEHI45+tdVpZ3MtdFyJHW6ccSV1umj/V81yOnn95XV6YclB6DNakmlqlmLrTbqMDIaBhx614JJb7Swx0zz9K+ibVfMJGflIIz9a8J1iz+yaldRdllYYrmkmzak1Exnjx2rZ8M3BjdkyB82QKz5F9qfp7eRdIwH1qVodc2mdxE2QR61aguGglWVeoOf8AGs+B8gEdxmrYOVxWr1Vjjbad0eLfFHw1HoPieQ2y7bG8AuYT9fvflXFMwAzmvdfitov9s+DjdKP9I0xt4wOTGxwfwFfPGp3oiTIO0dq+OxlL2NW59lgq/tKVr6lPWdSRS/OeARjvmvXf2dPhadWWTX79AuJdqsxxhfYV474L8OT/ABB8Y2OlRI5V5R523oEFfckWir4W07TtPtEVIEHznGMn3rpy/Duc+aS0ODMcRyrkTNm3s4rWHyIQI0UcKBWTqoKW7CtEGdrkOCDHjGaxvEUzJFIOmRke1fVrRWR8xc858QOWzg9KwUBJzWlqcheVgTVGIZ7VnI2hqVtSkEdm7HqKb8MwJI76ZuQ0wUH6VT8TS+RZuN2MjNbXwvtg2iRyBeZJPMpQXvWKn8J6xosPyZrcC4WqGjRYizWrt+WuqJw7mVqURzj2xXlXxAsTNbTHbkhT+leu3sOQW9BmvOvGUBkt5AoPQj86HtYuO9z4F+Pugmewun8sbkO/jstfLd3AxtJIsZx3r7m+Meirc2d0AhYSRlfyr4t1Wxa1vp4WUqASMfSvn6qUZH0VGXNE5WJ8lkY8EYFX7NFmt2jfqnYd6o3MYUcZB3Z/Cp9OuQlwvXPcHvWRqG3ypY+3zcD1q/e2+7Bx1qG+gO5nXqpytXpMtFGw5Bj/ACNK6HZFawjWXT5IZB8uccdRXPtD9iu2X+HOcV0mmqUu5UAyHTK5rO1m0YXBJXBJxkURdhNNF3Rb1redApwAchh2r0uwlTULVXYBt3DqP515FYTZIHQt09q7rwjqrRyeW52h+Mf1rOehcDeOnrbXJUKSjdDWfqmniVJAwwyjK+tdckCzR7MAyL90+tZGpwOp3heB8rZrE0scVp7+XcKh4OcfNXf+HpCt7HkZ4BP41w2sWbQz+dGMhhgH3rsfCcpuJInJznCn8KU9DWGp9AeDI5LnR7uFBmRFFxH7FRlq+n/htZHU/hd5seJZkX7QGbn5q+bPAVm6BJcsEdnhI9mGDX05+zqGn8JXmmkcRySxj24yBXtYbax4OL+I9w8HXf2u2s585MtvGzH/AGsYNdKeTiuI+HDeb4btCfvI7p+AOK7UNk5r0nrsecPD4GMU7NRbvnz29Kdg4zmgDz3496ENY+H14uBuQAj8K+NUDEBjwDX3t4yshqfhm/hKbsw/rXwjdQvZ3k8B48uUjB9q5Kvc2puzsMIxTKe/emVynVYKMc5oooCw8c0UJ2ooJCjNFRkkGgAY/NTscZqJhznNS54xQAlFFFACNUlv/roxUROals/9ehPY4q6fxGc/hOejSpo0p8a+1SbDUGgqrxmp16VEFIGKlWgCxGTgD0q1HVZFxVmOgVi1E+KvwtWdHVuJ8VQnoaSPirMcnGKy0kzVhJMU7k2NaOSrKPmsqOWrUctCdzKRqW3zvn0rTA2sD2NZumruLGtM8gH0reJnc1tNG4EdsZq5tGc9Kp6T8xYf7Najoe2BXREi4/T5PJl2nnPQ1vwSASZ7YxXMKSrg+lbdpLnmthWM7Xdn2qQjjPeovDkgF77Vb17DQ7wBkfrWP4dmH20j0oCx119JmDkkVwuvy43c11moy/6MTnGK4LX5SQxzRKwRRX8NnOosx6YzXCfHv4gR+D/Dd9fSuAbaM7R3aQ9BXZaLJ5EdxKT91a+Mf2wfHcmr+J4dAgn3QRSeZOoPfGVBrnbsWeWeDdLk8f8AjKXU9TdntUf7deSufupuzj8uK9t+E3gc/FXxh/wkt9a7fDlrL5enWwHysPXFeZeH7R4/Clh4Zsjs1TX7lFuHX7whH3lr7h+Hfhq18LaXaabZoFgtI1jTAx06n61MFcm50en+GIYbVUjhRQOPlGOKlTTBpWowXGzaN+DxXW2VuHiBJIzUeq6ests4BJPUGulqwXFNvlMkg5Gelc1qtvgtwB6V0ukXJurJc4LoMNWVrseCxI21Fkx2Pmr9qvRorj4ete+WC1vMh39yrbsj/wAd/WvjG0meymgmjcpJBMJFI9Qcivtf9qrUo9O+FNwpI3T3UEag/wAQ7/lXxZY2Ml4JNiFtsZfj0AyTXKaH6O+AdYOq6Hp15nPnQJIT9a9P0hs7TXhHwIumu/h94clc/MbNMg+1e7aQpCrxW61IkdbYtiUe9dTpZwy544xXK2XDqa6XTm3FSa3+zczudXY/c9q8t8daesHiW84wrhXH9a9R0xsx1x3xFsSdUgk2/LJAAfqKyeppE8zmh2ds1AFKEH0rZurbjP8ASs14iGxUNJHWmdDYybkUg5GMZrQRwe9YWlyHyQucYrUjb3prUzka1sIJy8Fwu+2uFaKVfVSMfzr4/wDH2mTeHddv9NmXabaYqM9wOh+hHNfWQO4EZ28YHtXjf7QfhB9X1LRdWt0JkvCLGZlGfnBwpP1FeVjaHtVdHoYHEqjOzOv/AGQfAsVrpt34muI83Fw/lwB/7mM5r6CvYY5lZZRuJ9aoeBvDyeEfCOnaciqGtYtrFRz0xmrt1MSckZNd+Gp+zhY4MTVc6nMUHT7KNiN8nvXK+LLoojDPbFdJeygEnPArgfF12x3AmuyxyrU4+6fdITnrRAM9sVCWLnNT7SkJOM4rB6nVBJHJeNLvEbjIO0YNeh+AbcQ6ZZxhdoMY49M15R4ql82eSPGS5AP4nFe2eD7fYluhGdsa06fcU/hPQtNXbFjFaGOMYqCxj2jOOKt4P901vexwFO5jIibjtiuE8QwF45R6DNeg3IJhauR1q2+WTOMkYxVLUs+V/iRpQngvFwAYySv0NfEPxC0trPVnYLyWP61+hHjvTs3Mq4JDpj8a+MvjN4eNvflwAAYy4H0rxsXBp3PbwU1JWZ4BfQkS4wAPpWWs3lS7iMYOK6fUYMyqQuADuyeM+1c7fWxSTlcK3zCuNHZZm4rI8KPwwzj61IsRERT+70HrWd4fufPRoGA3hflHvWwdzQLIOGT7w9ayehslcqwAxzW8q9qs6pZYYdyTnmjyicqqnKjO32rUkj+02qMeHPtSvYpxueeq32fUJ7djtV+h9D6V0OmTssiMTteMcj196xPFtmba/DL/ABDdnpg1b8PXpvVw2POiHTP3h6VUlzK5gpWdj2jw5qAu7SNsAuvr1NX9Ts1K+aOQxyRXDeHL9rO4Qb8xt69j6V6RaqJ4ChOVPQ1gtHZnStrnn2qwILuS1cbBINwI7Gr/AINjaC98gn7rce9TeKdPcRl9nzxng96XwuwbUbZiMF+Camb0uXDQ+sfBNin/AAj8MhHPnof8a9s/Z8u1g17XrX5l2XQcKfda8p8BWbf8IVG7DJadQteo/C4/YPiHqkWeXVHKkeoxXvYZLkTPBxOsj2v4e/Lp0qLwFmkx/wB9V2O/aM9a4/4fqRp0zHgNK5H4nNdM74GM16MUeVdloPnvViFgwrNR8nFXrcHGc1JVx93EJ7aVD0ZK+HfiPpo0jxvqsIAUFy4GfWvuYc59DXyJ+0NpJ0/4gedt2x3MRK8dSK5aq0Nou0jzBumaZUjD5ajrkOq4UUUUFD07UHgZpVFIx+WgkTdTSMmik3UAIo5xTqaDg04HNABRRRQAU6E7ZVPvmmk4pY/vg+lXT+IzlrEpJHjtUgQGpQuO1AXFQaERTHapEXNS7d3al2VVgEXrU6HBqIKRUi9eakCyjYqRMjvVZTU4GKLi3LSNirCvxnNUVapBJgYouSaCSAd6tRyfKDnrWQr+9XbSQvKi+tXEiSR2GmrtgDH+IZq9jjFV7VCsCL6DFWgua6UjnNPRuWb/AHa3CmRmsTRhh2Htit5RuGK6YK5JTZdpzVq2m2L61HKmKiiyH68VYFrU/wB7atXP+Hp8ahIPSt2eUPGRjg1zemL5OszKODjNAHRapNmIgd64XXXzketdbqUv7s+1cbqx3O3PSsZNlWsUpp/s2iXTn5QEJz9Bmvzb8bazL4n8eateyPvaa8IDewbiv0U8UzfZfB+oOQQPKc/TC1+bmiqt94qjBG7dOx5+pP8ASsZFWPaf2fNNGo/GOSeVBssLMyIOu0scZr7R8NjMykDFfJ37LlmJvF3iy/Y72XbApHYZzivrXwyB8nrVUyWrHoVkAYh7U+7QeUQO9N05d8fpViZT5Z74rsauScxZS/YNUki6RzjIpviB8KxBzxmk1tGjeNx1U8Gqeq3Qnt94ztK1g3Yo+RP21tcAsvDukq+HIkumTHUA4U14r4Kikt/COvXoRS7ItnGxHO9+MD+ddT+1nrB1X4rPao25bK1jgBz05BI/WpPA/h97zSPCejFctfXzX0qDqQg4P0zWFiz6r+EGiPo3hfSbOVcSQwKpHocZxXtelxBQoOa4jwrYeWmQBgkHkdMDFeg2EeSBjpXRFIjc2rZcsPaug08bdnPWsS2GCPetm1/g56Vp0sRY6zSOI+Tmszx/bg2NpLjOH2k+1W9Jf5APWp/GNuZ9AmCruKvkD0rOxcTzG4g3DGBWLdQFWzjFdKAGqneWoZc4zRZM0u0YtgdrdcVqRtVBIQr46GrSHFTsablxJPXmr2mWdvqN3BBdIskRmSRQw4DKcgisxfrViCRo3VlOCpyKqy2Mpb3PWrghI8fdOMcd6ybm5JbFEeofbdPimJ6jafrVCaXc2asxepFqU48k89a838W3StKV7mu71aQRwjjOTivMPEcge/YZyBTLginAuTin30vkWrEUluvG6qeuT7bVh3rB6K51ROJlU32tW6HnfMv8819AeE4zuHsQPyrwfw3D9r8VWS9dkgYj6V9CeFIcEEcgnOaKZnVeljtrTgYxVvB9aht021b2VucdircJmIjHWuW1i2DK5xyK69kw2T0rB1KLO8etVsM8F8d2IXbJjG1uR6ivmL40eG1vLGeVEYugIAx/Ce1fYHjfTS8UnG4kHHHpXgvxA0X7Tp7lTjcdpz29648VHmhc78JLlkfB2rWjBpY3+9E3Ix29awL6yM1q/dovlr0n4gaO2l6y8hUbGfypAO49a42a3aGYZwYmHLdjXhXcT3kr7HG2Ur6fexuxwyvhjXYxkF2GMBjgiuZ1ex8q4J2kKRk+9a2kXZnhhkfrjy3z2apltcqKNG3DqHVifMibA91rYRGZFKgFCMg1nNE6rHccMFOyTnqK1rGE+WYQ2QG8xD6rWFzWOpzHjDTfteniYD5k+UgVwNrdyabeJJH95W+YetexarYeZbuAuVJyRXlmt2It7l2Cn5zlTiu6DVrHHUjaXMd7pVzDf28cyHkjdgdjXovhW/M0Cxu2ZF6ZrwvwjrDabdGGQjy5HwQe1es6c/2W5juI23R5wSOlc1SNpG9OXNE7HXrNZrfzCOGOCK5Tw8PsWuJC3zYfC5rurIpfW+2T7ko+X2rlbqxay1dW2HzEfIPrXPK2x0RSPsX4dTGbwdZIoyftA49MV33hq5WP4n6mQeFtIxxxzXnPwX/02x0y3U8GUu+T0wM12fhpX1X4l6s0H3fNWLPsK+lw9nTVj57E/Ez6Q8Jwm30S3yNpYEn8a0pJBnGajXFvCI1IIAwMVVZtzc12rQ8k0rVwzda1IzxisuxUMc1ppxUlk4OBXzp+1PppSXTL1R0k2E+gNfRKnccV5J+0lpa3ngdpzgGJg3PbFY1EmrDTd7nyoWytR0u35evbNITiuA71qFFAOaCcUFBu201m+WgnNKVyMUBYZupwGaZinB8dqAsGecU5aYDk5p60BYWiigHPtQSMd8dqcj4Y8Uxl3GlTl6cXaRnL4SyUx70BM9qnSPNSLDTsVcgEeO1Ls9qteVSeXQFyts9qCue2KteUD0NJ5dFiiuFxU26goR3o2VJNxAcUeZSHg4owKBEiuPWtXQk+0X8a9/SsYAA4rovBsJlvWkHO0ZqokSZ3CKNoA7U4KR2qQIF6CkLEV3JK1znLukSYlIx1ro40+XOa5nTjiYe9dRCd0fpWsdCSGbFVW+VqvzIu3NZ8zbWrWwCucr1rHA2a1u7kYrSMmeKpXCbL2GTv3rNuwBqL5jPvXK6gD9o9R3rpL5sxZrAvB+99aykUcj8Vrk2Xw51yUE/JZuw/EYr87/BY/wCKhjkxkIGcn8/8a++f2hbz7D8JtZcvsDQFPzr4I8KsIotTuPu+Xb8fU1lIs+nv2UrRovC2s37IFa9v3IYDqB0r6a8MjmOvDP2ctJ/sz4T6VuHzzM8xr3jw2u3Z7VUNCJHf6Wf3f44qxMA8ZzkZOOKraWPkx75qzc8Jj3zXUnck5zWAWikFcyJsxSW7HocjJ7V1WonKyCvN/G+oro2h6rfMSi21lNNuB9EwP1rKehR+fvxK1RvEnxQ167SQyLPfusYHcbwoH5ivoX4O6At/8TblY1LQ6Dp8VkhxyrsMv+NfO/w5sxrnjaxmm2lFn+1Sbzj7vzN+tfZX7KmgvdaDqmuTxjzNTv5Jg3fAGBmsYJvct6HuWg2RiiUYrqrBcLjHPrVC0tlgjHtWrZREY7ZrqSsYXZo2ykke1atqT8tULZcNV+LjHtTC50GlSYUexxW3q8RudFu1XljCSPqK57TDgY9811cQFxYsvdoyufqM1BUWeRxyj9M1NtDKAR1qAx+VNIpH3HI+uKnjYMQOmKC7mfeWgD5AwaqqpFbc0YdenNZ8kXGQKVjTmK4OKlRsUxgV60obFMzvc6zw7dmSxmhLDCfNirshFc94buVS8KdpflIrYlkwu3PzVZBR1e5Koyrj7vevMNSkL38pwDg4rvdWulIkxxgYrzrh5nOdxY5rNtmkC4nCe3rXOeI58RvzXRg4Xnp6VyPiJt0fX61lN2idESP4eRCbxGZOnlpuz+OK+hPDEWyJV9s14b8L7QNfXkv0jH0JzX0BoEW1U+QgEYzV00c9Vu9jpIUJ6c1ZqOIgdKkrS5gNkHGaydQj3ANjp1rXb5hiqVymY6pO5VjzPxXaMd2Bkc/rXivirSzPDcQsozjIAHevovX9P8yBiRXkvizTBFKZAOS3NKqrqxdOTjI+FfjRoPk3G/YEd8nJ6EivFCylZoip2r0B/hr6M/aXuINL1XR7Nzhbhn3DPYV8337SW9yZP4wzK0Xbivnq0LOyPpMPVvG7INTs/tFszHnywNwx2PesOwY21zNbuSQ/K8dWrq7ORJ4UdB5ijKkN/En/ANasbWdOaB/Mgyyr88B9faua+ljoWuxtaVsvN6ychxtPsavaPK0MJib/AFkMm1s9cf4Vh6ZcDzVlyRFNw2P4XroZIijxXIXKH91KR6dj+NYvQ1ijVlgDscEbCMgHuPWvPfFGkvtkixiRDujP9K9Lgi+0QAMo3xjAx3WsbW9NDxLIPmw3O7qBWtOfcyqxbVmeNFDGTIF5FeleBtcS9gW0lY+kea47U9OW1vXtyCof7p7Gq+j3E2nahncVYNxW805ROWk3DRn0XoNySWt2PzH7lX9ZtBcRR3SZLKMNXI+G9VGoW0VwGHmp6d672xKXMXlOR5c/SvPkrbnoQdz6A/Z4uli0vznAYhGIz9MV6p8EdOe51q61aaPcZpiRjpxXh3wjuG03QLqJDiQPsQfWvp74caWugaLaxKxLlN3ToTX0WE+Gx89i9JOx6X9o3dqQNlqqpKDj3qZHBIx3r1bHkm5p+AAc9a0QwFVLGMKinFWSygZqLFkiSgN0rlPixpg1TwFqUPQ+VnHWukQgt1pNetlvtEvoSB88e0GoaT3A+AR8u4Zzhj+lBGauatafYtWvYMcRzsKp15b0lY7oaxuJ92kJzTiM00jFBoAGadQBiigTdhrfL2qPJ9KnkFR4oFcYCR2qYDFMxTt1AXFJxUbCnE5pCM0FWAHNCcNmkzg4pwGO9EfiMZfCa6R4qVFzTlWpY0qhkflmlEZPYfnVlV29eakWP/ZFVYm5UMQ9KY8QI6GrpTPakK5HSiwKTZRMIIzjFN2VeeElemKhkjqbFFNo/mphXFWmQ5zUbIc4qWBU53V2ngW2Y27vjq1cgUAOa9G8HWnk6ZGSPvHNaU1zGM3Y2kXaMnmkYVMRgYxTG6ZxXck0rGQWzbJl+uK6m2OY65aIYZfXOa6a1kHlj3qoahYlmPyYzWfcdc1dmB29apXFbBYqk4brUchDEE84pJm5yKhWXnFZSCwy7GYsVjTrmSty7IEfSsmZfnzWcgPD/wBra9W0+Es6M2BLIIvxPaviOycWXh67MscifbFCwyMuFf6HvX6I/FnwJpXj7wtPp2rbzaownXyzzuFcG3wQ0PXtJ8G2Nxbp/ZumCW5W2UcSYYqAT+FS1cdzo/hdp66d4A8PQ9R9jjOe2T1r1DQEKFawbPTY7aOOG3jEcKKFVB0AHSup02Lyox6inFC3Oq0s8YzVyYjZk1naU2c+1XZj+7PPStoskxL4bt/vXA+MtEttb0q8sbxGltrmFopVB5KkYr0C7Gd3NcZ4rmW20mZ9+xnJRCO5Az/LmolqUfNl3+zRpVx4Bv8AVtOElpe/brfS9LkWT7jMmZmb1GK+pvhB4CTwN4L0zTmYPJBF87qMbz3Jqtonh8x+CPDFmyqZJYrnVXQ/9NX2Rf8AjqE/jXb+GbgXWj24I+aEbG9aUU0TzXLQgJb2q/b2/T2pyRZGeKuQxFRmtiAQENV6MVEiZOaspwcU7AaGnvt612GluHXaODt/piuMtmxIPQ11WkzBmIHBC9azehcTzjXIvs2s3ceOVkbIqpE+Grc8bW3leIJTjCyorn+tc8WIOaCi+koPFMkg+WqqS7XAPetcJlB6kZxVWAxpIieoqs67DjrWtcW59Kz5l5zRYd0OsJGiuY2XG4NW9e3Xl+a2OewrmoiyOGB5BzWnfyltuerRjn60yDE1u6P2SWRuK5OCPncK2vEtwAkcHY9azIEwnNZ2LjoJKcKfYZrjteywC56nFdjcfKD7rXH66cMPYk/lWcldWOmGp1Pwsts2UrgZL3H6CvfNGhKwIuMYGcV458MbPZp1ptH3huP417fpKEqAfvAYrSKtG5yVHeRopGBUnl+9NXpmpaYWRD5fvVa4Tr7VccZ6VXlTAYmnewWZg6hAJAykZWvPfFWiFhImz+HhvevTLyM7k/WuS8YvHY6NeXcp+SCMyE+4qiE7u5+Vv7W2pTXnxQtbRRutbCFkDD++f8K8efUV1WFLiU7ZAq29zj/Z6SD39a9a/aEik/tyLUJR+9num3k+/SvBYrg6ffiOTmCbELA/3T3+tePWi27nrYebSszYtNRl0XVPs8ygQOwO49Mnr+FdQ0EV9GEySudyEfwv6fSuW1SxOoWJQn9+o2hz03Dp+dWvC+vkqba5+R8bXUjnPqK8xwaPZpSQC0NnLPCy7Y2fJH9xvWuo0a5S4t5IpgFYr5Lg9gOjVJcaYt4N8WNwTGW585ff3rNtMadcRvkyQOdpLDBP1HasZHRFHU6WGttsb5LW+ImPqD0NXtUst0W7CtE/B9veorNVZI2ZgXjUrIcZ3r/CfwrYt1jaHZKuYumc9PelcuWp5L4v0MyQSMp+eA7x9K5C4hZ4FugRuXg4/nXsviLTR5brs+ZVxk91rzqPTfs+oXNqUBjkj3JmuuM9LHnziWfBuumwn3E/L6dq9p8O3fnxZ+VkP3SD0r55t92l6g0MnKrjOPQ969S8E615YWFido6CsKq0ub0pa2Pqr4MxpqOqwqzcttYrX1tbYjjhZAAqoB+VfFXwe1oWniG3IYD5lyPSvszSrkXlpDKoOCv4V6+BmpKx4uPjZ3R1NpKXVTWjYRb7kDHArGtH2Rj2ro9Gh3nzDxXsnjm4i4QAcYqvM55HpVhj8vTFZ80o3NUjuSxyHOc1oyfPauCOoxWPG3OK2ojmPp17VBR8QfE2xbS/HmrxFdqGYsB7GuWBzXpn7Q1h9h+IcsmRtni3L7mvMlrzJq0jvpNOItBGaKKksKKKU8DNBMgkNMoooAKKKKCrCZ4ozQ/K+lRkkUE3HHk5ozRmjNVBXkZy+E6hYzjOKdGhpyKSMZqVFxWlkK4ojzUgiA9acgzUwjzTsIg8unCEkZqwI81KsfGKLEp2KLQDFQyRVotFUUkdRYfMZrxY7VC64OcVpSR1Wkj9qLIpO5n7Sxxx1xXqPh+22aZCMV5zBEGu4lPdq9a0yJVtFx0reikpWM6grJxmqzjAxWg8eFqhKMV1GQxflIPpW5pzb4xz0rErV0uT5MUQ03A0pj8tUbk4qzI25emKo3LZBPpWoFOZqqKfnHvU05wM1SEwV1rOVgLl0d0dZsq5rRcgxDvmqT8jOKykBz/ig+Vo0vYHA/Os7QLcJHpQA6aYGOfVpXH9M/jV/wAbMItCZm5zIv8AX/CotDiEZMKn/VWdsg3e8YY/q1RqBo28IklUHge1b0K7UxWVaR4lU1tY4xVxA09Lbbn3q9K2UI9aztPcJ1q1JJxitIkmddN970rgvGqyX39n2ES75bmU7AvJyWEY/PNdvetnIHQ1z3heyi1H4qWjySFYLCVryRuoUQxM5H0LAVAXO+aziS+vIoP9VYxR6ZDx/DEm3P8A32zVlaJONO1d7c/LHMcgVr6SJE0yJ5crPMfOkz/eclz/AE/KsXXY5IpFnRfnjbIIrXYz5Tt4lyCNuMdatxxDGKoaRcrf2MM6NkSDJrWjUYzmr0GCLipIlKnmnKtSFd3tU3AWE7XB9K6TRZGMzDgcYrnEXBrb0iUrcsM1EhxZm/EC1/022lJ+9CP0rkHXFd148QzWtjJjhX2k+1cXItC1NCn0cEnOK6C2w8Kt3xisJ4wDnFa+my7ocelWS3YlmiDVj3kZVtvQ1vAZOOKzNWj+bcBQTcyAMVb1B9thayegZD/Sq+R6UamWfReOqSk/gaVyjlbndfXzM33V6CnlQi4qVI/L6dfWmTDbUlbGfdnHftiuP8QHewx0OefrXW3vFcfqqmSZE65kAA+tYyZ1R0Vz2D4e2ZgsbIEciJQfrXsdhEUQMOprzTwZaiFY8cg4A9sV6lZKFiUGto/Dqcs1d3JQABinbT6UtPwam5ViNutQyjIIx1qdl+amOM07jM2aLcSfXpXl3xmuxB4bayTIa5Pz+yD/ABr1uRRxx9a8V+JdwdTvLx8ExpiNR7d6vU5z87f2ldPEC27kbx53Q9jXz7qGlpqVjeOkAR4IzIrg5Py19OftU2yx2UTjIX7UO3TNeIeC4oppr2CUIEa0cZc4GSCev4VyVYnZTkzlbHGo6BaS/MA0IVvdl71l3CSTILu3YG9tlPmIONyDr+Nb3gmDzfCksTZDW9wVO7jaD0rFu0NldBz8jAkkjsD1BryZb2PapytG52HhPXU1C2jXf8p4BJxhvT6V01zALsNvQCSRShOPvD+9/vevpXlFtPJps7XlooaNv+Pi3/qtep+GNah1i2gTzFaQqdo78/8Asx71x1IOL8j0KcuYueHzJaBYcl3hHyFujx10/wBnZzFNGq7WG7HYj0rFksHh2PBnzY33Ro3cf3TW1pc0d7bbC/lxP8ox1SX+79K5zXRkWpWJvLN2Rd7R/IhYY3CvLNe0trWbfvO6E/u1H3j7V7CJXjZjLlmj4ljPXNYHijQLW8i8y1wXI3LG5wCfY10RaOaSueR+I7FpbWHUbdCJMhZlHoKt+Gr/AHKkisTzgnPStWTTltZJLZ1aJn+YrKMA/Q9DXO2UP9m6qYACsUpyOK0m1KNkZwXLI9/8B+IzBdQSkndGQcjuBX3Z8MdY/tDRrbkYIIGTySK/Nvw3ftDKBv4BC/ga+1f2bdfTW9PnsHlIu4FVoDnkt3FbYGahOxy46nzQuj6Yth8qj1rr9IgxaJjtXF6VcG9tRN1lJw49DXaaM7C2UEV9M9dj5stzykAj0rNkkLMferdzKw3cVmF8nNRqBajPOc1vwKSEI5z2rmo3ro7eUhUx6ZosWtT5p/ak08w65p1yefMBTOOmK8PAxX0n+1XZ79J0+5A3BWHzDtzg182Z5I9DivMqq0jqpbWG0Uu2kIxWZ0Dgc0rHjFMVqDzQFgooooCwUhOBmlpG+6fagm4hYEYphOaSigAopce9JV0/iM56ROyjFToM1ClTRitSSdFwM1YRc1Ao+WrEeKBXJBHj3p6pTo/pU6qPSgzKrRnGaikhNXyuRjFRuue1KwGdJDUEkVaTrntUEkftUl6IqaVbebqsKlc85r1Wzh2xKNu1cZxXn2gRH+1Y29O1emwKTGufTFdFFXdyZNMgkj+U+1Zc8ZFbUowp96y5xkZxXTZmZV21d059h29aq7amtPkmAz1pAa7O23qKoznII9asNJ8tUpWycVdwKN8MJkVh3khQghulbtyMpiua1DcprKQLU3LWTzbZRnn1pXTAxVPRJvMsQT64zV6SpkByPxHYJ4eBB6vnH0DGptD3ySXUrHOfKj6dNkaj9arfEpj/AGEnu7D9CP61o6Im2O9B4Auiv5BRQtQNK3G2ReK1RycVnxLiRauM3zU1oBeg4Gc1O8mRmqkLcYqR2wtVexFmUL2QRJK7nCRqWLewGapfDKy+02PiHUZF5vbmHTon/wBjIluP/QVH4ms7x3qI0/QJ+SftG2IY64zk/wDjuPzrvvCmmjRtD0jTmXDW9u11cDH/AC2nG7H1EYApLV2QzVkTdx29PwwKzNWtfMgYitaTiq867lIIyDW9ibmf4HvPLd7B+Ao3J7e1d5FGpGBzXmD7tH1aG7U7Tv57jFeo2lwl1EkiEFWGQRUjsSrCfrTgjDqMVICVGRTgm7rQSRAY7VbspDHKp684NQ49qfBgSqM/xVEgianiWI3WhMdu7YQePeuGkhNej3kXnaHdjuF3flXDlN/bFVaxo3bcx5YyBmp9ObYHX0qzLDlTntUFnEVvAvqM0yL3L20rg881R1JlEZVhgj3rYlVUikZhgKM1ys8xmEjtltxwo9azlLlERAgng8etSNmSxuY/RSw/Cqsbhido4Bxir1sN4lX1hZf0zUxakWYRixVa5jxWi64qpeDb71rYo5++JxnHFc0kRudf0+JRuLTg49QK6HUnO8jPyjtWT4cU3HiuzIHzIC6/hXM9XY6b2ie9eELXESMU6130CZxzgCuT8Kw7LRfUHFdbEcgEDrWt9LHMiwFzUmBTFHrxT80irMjbrnFNcAVKcGq85zwvXsPWiwzL1+6Nnp8zLw7DaD/WvG/EMe61lGSxPU13/jDWFe6js42LMFIKr/eAyRXifjn40eDPDTy2eoeIbOO+Bw1ujbyvGcEjv7Vvc5noeB/Gv4WzfEGxksI7j7G/miQSAZIx1FfLvin4PQ+HvFd7pL6g0n2bSnufMZduXAI9PevpjxH8Qta8aXijTY20zT5WIgjjTfd3g7lQORn2rpbX9mzxVq9ut5L4cuGcqMG7kQSuvcHOfyrOcb7jhWtufGvhLwsNH0a4M10t4923mysoG0Y6VxXiK2W3v2EoHlO5RhnuK+sfHXwcXRdQNtcWF3o2qKhxDND5WfTaw+Vs9hXzh478N3VjLdQTRMHEjMr7MfvMZKn0ryqtFxdz18PiITVmefsZNLuSpb90R+7frgVtaPqraZOssahU3ZMMZ4b/AGlNUoo1v7ZonXBJJH+yw/pWMGm06R4ny6o211P8hXH8Sseop2eh9G+HdQt9bttrfO7xbVbvj/H2q1HGLGcidPMB/wBY/Tjuw968e8HeKWs7gOr7oTJ80YbDBv7wr3PRbq38RWkW1gbkf6pv4Xz1z6V584uB1wd1dlmVDJGJmwzphZXXneh7/Wsm4gaJprYMHynmW2Rw3sa17MCCNk5VVYYB6qR2am6jZl0KqhHHmRHuD6U0yrNnn+pB4BmLDIvSKUblB/u47fhXMar9ku40+0pJBIThZoRuC/QGu81m3USvIgI+0NkgfwNXEarYm4il2lUKthhnoa16WMNb3N7SbSKS0LfaMsAPmYYBxXv/AOzr4lfSvEkDFwjkgBc5+YV8zeErt7eVY3BO3qh5Br1/4c3bWPiqID5Bu8xCDRS0qCqLmhY/R3QZQ19FPGf3FzHv9t1egWIMUIB6ivJfAF82oeFrWdWDPC4Ix2B7V6rBP5lusmeSM19fB3jdHyUl71ht1K2SDxmqAJJxU08u85JqAMAc0yCzFzj3ro4Fwik/3a5uBs7a6SFgY1yc8YqXoXE8t/aOsBdeBZWVSZI2OD2GDmvkxeWz6nNfa3xhs1vPAGpI4z8jEEdq+KUyYxx9D6159Za3OmlvYWkanDn2pr8e9c50jQMUtFFBNwooooKCkb7rUtBGQeetBJDSgZpKUHFADWJWjdRJTQc06b94zn8J3Eae9WY1qGMVPHW5FyZBkYxVmNB6VFGKnRcUGZMi4qdRxmoUGatKPloAj4oKg1Jj2p3l+9AFRkqF0zV10x3qFo+cUrAWfDUGdQBPQV6Ei4RRXEeG1C3R4zjvXcL0HtXVR03I3I5RkYrLmHBHpWrIOKzpu/vXS9AKJGKWFtsob07U5+O2aYgwayAvlsrVSVsN1qYHK9ao3DFWp3AczhhisXVLQtGcdR7VpeZTJmDKQRnNTYFoZvh0FYSjdAc4rWkFZtkBFdMB0rSByM1EgehxvxMG3Qoyem5mzWto+HS7P966dvpjH+FZXxOydCjHVRI2T6cZrR8OsWtbs463TkfQnFEQNhBh1NWiuTmq8SkMO+KtUwJIuO9OdsjHfAP51Ep20ssgjiklb5RGu8k+gGf1osTc5ybTf+Ep+Iej6O+TaQlJrgDoiglmJ+oCr7Zr1C3na8mmvtuBcyM5H+yeg/LgVwXw1tZZ4/EGvzHa9+U0m2PoG/ezsPoqgfjXoFuQihUG1V4UegHSqirak3HA5pDHk47VIgzUnl85rosIwtas1a3z7cYrb8DagbqyNo5/ewt3qG9t1eIjGcVh6Nd/2Tr6SE/I52tn+dYt2LPUkGBg81IoqJDlVYchhke9SqKogX8KdAimVeP4qdgURr+8XH96la4ROliTzNPkQ/xoR+dcMECj8/0rv7LlNvtiuCuV2TzL6SNQnc1krlaRRhhTLOHN+h6ZWnPkkj1qzp4AnDNztWmZFiSJZonQ9GGK4+9057NxnJQHK+1dmrGqGrW6zQ4AzWUo824HHoApIUYyc1dsFxM3cNG3/oJ/wqF4SJCPSrmnrtmOecRt/wCgtUwjylmHI3X2qpcnOPepZm2swqnLMHIHTFbvQ0SuYOqjMjY4qHwJAH8USN18uIEcdNxxU2qOPMbmp/huhbW72QgYOxQfoc1y/aNUvd1Pf9CiEVsB6nNdDGNoUCsXTMC3T3raTkKa0OaLJvvDNGPelUfLSlsdqDa5GWIGaztZvU0zT57qSQIIVJBPGcdq0XcBs9q8w+NWtPBpsOnQMpmkfzXBP8A60yW7Hyx+1B8cbnwnpQsbO5KaxqkxAljODHAOWdfcnC/jXz9onwvcaXDreswSLd3Mym2jc52ksPnc9zzU3x4l/tr45eHLOcloZIIY40PTDSkt/wCgivV/F0jt4QnmjBc2jxXBGeysN34cUN2djKSTV0elfsv6Jpmm6V4k+IV/bi6kspGtbONF3tDFHjcyD+8c16/o16vil9Zu5vGV1prRTlYlg/dLbqBmM7SOuOua82/Zf1aEeBNb08TxRS2OoGdmcgKYnzyfXJIGPaul+L+s6YNFTVre3eTXmtl8+0gjJjuQ0hTaSOMkA/TqeK1ucprMmr6z4JNr4ll07xfb+Q0k9zKixvGmeHWTpkrzg/hXyP8AHj4YRWwkhyL228vz7e7jGftcIPysf9uPg57qSO1fSWj3Mnjq2gg1KxXwn4dsjmDw5M2ye9YcK82eqDjC88GuQ+Jdjb3Gh36xRCC3sP8ATLeJvvRLnZLFjjCnsOnzipaTVmS207o/NfxPob6FrU0bY8uQgEr0DYzn8axtT00XC+bja6L84Hp616H8UrJtO1EoybkjkNvk+inIP5VysMAZ5Fb5vuqef4T3/Cvn665Z2R9XhZc1K5wE6yaddGZGIVjncPWvTPh749WznSCeUxtnAl7GuZ1nR2eNxsAYNlR/SuaEkmnyIQCEY5IPY+lZuKnudbn7PQ+yIJYtctUuY0JuhxKi/wDLUetJ5HmKP3x80D936fSvIfhN8RCyLZ3E2JTgRyE+vYmvaGMdzELlFATO2QDqG9R7Vwyi4ysdkJJ7nN6tYCWCbC4MnBx/C1ee63bKlzmQKFlUhsHGcf1r1u5URt5mM5IWcHpg9xXD+KtK2wSo4wIHLxsB95T3rS5L0OD0OQi9ABOGJGD1GK9d0VHiu7C/VfmUEflXkllCP7XbYSUdl24OMete8+D9Ej1PSLQuXZWiYAr2b1rSnHml5mU2oxPtz4DTLd+F54xgnYp6+2a9Ys5f9FRCcEDFeA/swar5+nNFuywh2sCMYIGK90clCuODX09H4T5WqlGRLI3vTA+e9QSSU1WNdNjA0rc8oPWultVHlLXLW3JjNdTat+5Ws9xxZW8WWK3nhm/gZdwdCOfevgyaDyZ5ozkbJSAPTBxX6AagpksZgemwk/hXwj4rtja+JtTTGFEpKj2JzmuSsdVJ+8ZT8U3P40rnNNriOoKKKKAsFFFIeBmgBaZk0u+kDA9qCRNtIw296UnFRu2aABjupF64paQcHNVTXvGc/hO+jT3qVRt96jjPGcVNEM1sYE8dWE5qBFwM1PGKCmrFqMVOo4xUCVOp5AoM7jvwp1PCA07y/egLlfZ6mmtH81WdlNZec0Bct+H49spPqcV2S9K5TQlw+f8Aarq16V1wRFxHXK9azpk4rQY8YqjN92twuUyMdeaY3sKmc4ph5rIoEORiqV2cN0q7HVTUeCeOlAFMvjvTQ+Tiq7PSpJlqAFRcXi1pjAWqCn96rYrR8v5M5rOQPU474lJv8MuBwPmyf+An/CrPg5zPpspPZyT+KAj+dO8fxeb4bnGMhWU4/wCAtmqPw9l8zS5MZOY7dvzQA/yoiB10XK+9TbahiGKlpk3DGOvFYvjS8+zaFJCjf6RcERgA/wAKnLfpgfjW2uXGcZH9fSsbSLeLxF46RrpQ2laMpuZ8fxFMHaP96TYv4GgDs9M06LR7TTNLUbRpsBEhx1uJQrvn3A4rVRs1m2fnSRvNctmednmlPuzlv8B+FXoue9awRBbi5x71ZyPSq0P8NXAM1sBBMn3j1FctqtuBIGA6c12BT5T71g6rFlScdKxkh3Ot8J6kNR0mMk/PEdh+tb6DNedeB9QNpeyWzHEUnIGf4q9KjXH54pXHYbtNS26fvFz/AHqd5dLGv7xe3zUXCKOishhc1w+rps1G4Xp8+fzrubf7mOlcf4lQJrM4HdVrKJrJGSBg561Paj5JT0JGKhqeH/VyH3xW5gWE5qOaPd9Kkj7+1K/IzigDmbuDy5jxRYp+/Yf9M2/9Bata/thKN2MGqFnbhJmY5/1b/orUh3OKvn2yNWUzHd1q/fNukaswnLVM20bQ1M/VCPNatj4XRq8szdvPA+uBmue1N8lh3rqfhXEFgVgPvyl/yGKwWsjST909y03/AI909q2Yzwg9axtMGY1rYj/h9q0MYotL0pGXilUHb0pWHHWg1sQugwzHAVRkn0HrXhXxEnbU9X+0sN3mCQRnHp2r2nXLhodMlCAAv8v4V5H4itWWa3JUECbbn6nFVYykj4E/afsP+Eb+InhHxKSFhQbWIHRkbcR+TfpXq2mXMF6pWQebYzxbXX++jjt+Nb3x6+Fq+PfCF/piQ77uNRJaP0IkXAx+IGK8O+Bfi6S9tj4Z1MNHqumqYY1k4Mka9R9V71m78wK1rHdeB9ab4PeMNQ0rWllutNlhZYp163Nuekiju0Z5b2r6Y0cNrPk6vBfC+tzaGCymgIEfzEF3cjo7YwfYkV41qGh2viSwjtL0ENE4e2uh9+3b+8p9D0I7iuG+1eIfhLdrIPtxt87jPpQaW2n/AN6Pqp+lbp3OScGtj6iupLVBENX8VrNZyQPeRusaF4JMYEaMMkFSBgV5r8UvFtq+i3l7qz7GvRDATtw04RUMrAeg28+7V5pd/tEag6qIryy09eck6UfPGevGMVy6P4m+LN4ltplteajcDzPtGr6rGYoo0LbsZIAVRgHC8kd6ZnyuWh88/Fq/Et/Y28hY3F08t1MvcKxwM+mMiuVsFzbPkfvrZgHH+welamrW7eIfH+umOVry0s7U28c0nBf5jhvxw35CsaxnMGrQSnhLhfIlDf316E14GJWt0fUYFWhZmrcaf9pg3lcFlyW9/WuP8R6KY7k/KRFcrgD0evQrK3WK4Nk4zGRlCf7vpUOs6EdUsbmHbi4t23g56/SvPhK0rM9Ocbq6PINK1CXR75gTtDMAwH8JHcV9L/CnxyupxpZ3Th5wM5J/1ielfOevWBjndsBZATuB7471q+BNbnsb0BJMPGd0Z7/SuqrBSV0Z0pWdpH1pd2e1lBJaNgdjDoR7/SsHWrJrjT22jLxHa2/ulaPhXXk8Q6QuWUTBf9WOwPU0+9hy5UZDSjaT2+lcF0dbV9jxgWbQau0iRsyYG7b0XFfUXwh0+O8l0u2i4GwkjtyM14A2mta684hciOR9kkZ6Zr6u/Z70dZfEUUgiIgt4yGz1yF6V3YX3qhxYl2idv+zzI2n+Jp4Wl5kmmj2jgDacV9FzthhjnFfO3woiEHiFJtow2p3BB9i3SvoSU4OfbNfR0ux81Wd5akRfBwacrVE0nNIr84roOe5sWo/1fNdPaDMK1ytociM11Fmf3CmsnoVsXyFkjdGPyupU/jXw98VrV7Dx9qcUo2vvBVR02mvt9FDcHpXyD+0Ppxs/H5m28TQ9T6CuOrsb021I8zcYptOc5ptcZ2XCiiigoKQ8jFNkNM3mgBM84py9aTHOaUHFBIN1qMjNSMaZQAUYHrRTM1dP4jOfwnocZGMYqWLio0TAzmpYxWpgWEGRirKcVBEM1OvSgdydBmpVHzVEhxVhDk5qrE2Hrmp6YgzT6LEjsCmlM06gnFFgLmiDDf8AAq6gHFcxov3v+BV01dNMkH71WlXK1YY1BJ0rcqxQkFQZ5xVmUYqvs5zmosA9OKhvUzEx6mpjz7Uxl3IVJ61IHNTP82BQkmGp2owmCYjPSqSPlqhtoqxoLMdw56VtK4aMY71zHm7VPqK3bWTdGpHIzjNTuFij4miE2i3KEZzjt/tL/TNcz8L2KWU8TdRCMH/dcj+n612d9D59pJHn7ysPoSDj8jivP/h7cJDrUkAY7cSrg+5DL+malOxnc9IjFPpiDFSKMuF9TitAKepaiul6dPdEFivKAd2zgD8f6Gn+AtJ/s7wlbvIc3WuTG9kc9VgjYmP8HkyfoBWPdQP4s8XWehQyeXbrE8t0y8CIgHzWPsqZP1au1hnW5LXMcYjiZFht4RwI4lGEX9AfzoSbAnBJb68HNWYZMHB4NUHkIOc0+GYGQZPJ71ulYg3IDnHtVxOazrduARzmtGLmqTuA5vu1lX0e7dxWweRisy8B+alJAc3Gfs10kikqytmvX9FvI7/T4pxzlf1rye4hBkOe1dl8OdSLRy2LHJTlc1kWdwFBOKVI8OpPHzU6NCxzUyxksM84Oam5UUa8BxHntXJeLwE1gkd0B/KutgGf930rkfGp2ahAx/ijP6UloXuYuRU8BzaOe5fFUfNq1bHNkxH/AD0rY5y7GOSKeRkYqKIZY+1TbaAIJVGwgjGKz2TZHdN02W8n/oJ/xrVdcgg1S1KPy9Lv29Ld/wBVoA8pu3zn3rPbIJI5xV6T5qqTEKGIFZS1OmKsc/qsuZGHQetd58NI9lpZn1JP5153qb5dh2r03wHF5dpYDuYx+Gayj8Q56aHsOmHEa8VqxmsnTOYx7VpxDPetrGUS4HIXrSZ3UxvlGM5p44Qk8AVJpcytYbzSqdlGCPWuG8UWYaNWC4H2hePT5q7SY+YzN3rD8TQf8S2Vv7rK3/j1a2Mb3POtd0TzRJlMEMxBxyD618vfG74HXc+st4q8MZtNYVxJNCvBkb+8vo1fb2oaKZN2RnJJ/OuS1Xwn5yMPLyD2I/X60rdQ2Pk/4Z/Fqw1x30jxIiaHq0REYuJBthmkH9/+4314r6S0HRZrO406a2QTwq4Z3A3xsp9DXDfED9nfTPGLvO8D2l6R8tzAArD/AHuzfjXn9j8Jfiz8O7jb4X8UstoFC7fMZWIH+ycihRsQ9dz651LQNIdRN/Z9q0nfMClvp9a+bv2ofivZ+CPA99p1rOkeoXqtCkEGAyKeC2B0JHQdayp4v2hNat/s93qKG2bgTNMEx7cCq+i/s8fZNRt9e8W6h/bupxMWhttv7iFj/Gc5LN7mtLE7nzF4Q+Gs+ieBTqeo27QXusXDS+QwwY4eAgPueT+NeN69p4t7q8tRlQrkox7Of4q+4/i7aqLPYMqAwIx9Mfyr4w+IcRS4m/hJOMivArrWx9DhvhNXS7n+29CtbvAWVFMMm3ruFbMSrLHBd4C7z9mmHo/vXH/DrVVnnmhb/VXke7HZJB/jXcWVtsuZLd8eTdAk/wCzIK8ma5ZHrx1ieVePNGNldzFRvVXIOR1BrgrN3tNRR0O0dQf6V7X8Q7NTZ210/ci3mOMY9T+FeQX9m8F6I5BtZG4A9O36YP416FOXNE4aialoe0fDrxC+nXMLh8hhuAz/ABelez3Dx3sKyQ/6uUZB9G9K+Y/Ct0fKQbjG8ZyPY1714E1Y6hYC3dgAw3g5715ko8srHbBvluVLzT0bWolfIWWXd8o719Z/AawSx0a81CRTkRvKGbjIAxXzxY6P/aGqxRsp5baCOua+orSFfCHwivUZmE32YwK3fLHGK9bL4e9zM4MbLRIX4YQfLoN0Tk3FzLKAPTOa9ylbKg+oxXmXgvSP7OvvDVjI2829kHcY6MRk16RMdqAegzXvwVtj52o7y0ImanoctVYvmpYjlutbGVjcsx8iH0rqLM/uFFc3ZDMa10FrlYlFQ1cZpD5o/l5NfL37UtkYfEmn3C9XjZcZr6gjO5cdPpXz/wDtUWAez0+5CcpJtLfWuWqlym0dJHzo3QH1pKVugHpSV552hRRTS2KAuNc5ptKTmkoC4UUUUANb60maaTmgKT3oAdmm5pCCO9JtPtV0/iM5axPR0ORipY6gjNTRmtTAtRHaM1MhzVZX+XpU8ZoAsp2qwhxVZTUq9aoC0j+1SL81Qr0qWM0EElI1LkUEZoAu6NwSfRq6YcjNcxpBxn3aumRgRiummSI3WopBUrdajkrpsUUpRmoG+WrEgqs5zWYADmigDFLj3qAMTWoSsu7sawS+Dnrzjiuq1qPfFnHSvFfjR8QR8NPB8+prGZbuRxb28Z/56YyTj2rOW1y1qegMSUyDkMM5HTFbehXJlg2dcHOR3r82U+PvjKDV31BtZuZH3b/LZiFX2Ar6y+AP7RGl+PgNOvpU0/WmxiF+Flz/AHTUXLaSPodQMc8ivL7EnR/HkkGAp4fB44V2H/oDqfwr0tJDjBGDx+vavP8Ax7atDr1heRDylklCSMvUKwCH9QtI5z0YMBnjoSPyqDUL46fbPIFy5AVAOSzEdP8APv6UulTnULO2mXB81R+DA4IrnZYk8a+JILZJ5LXTrJHllu04URrxM/4D5QOpJOK0WoXRqeCbR7XQrnUpTu1DXiIIzjn7KpzI/sHZcfQH1rqndSxCkKOgA7AdKqxS+fM1w0H2UbBDBbDrBAvCJ+XU+9VNS1OOwgeWV1ijTl5HYKq/U1onYnV7FyaUICdwI9qpyajHbDMsscQY4UvIFBPtXzV8XP2vNI8NtLp3hyNdXvzlDc7iI1x3H96vnO017xn8aPFtvb32tSRTXEg2EyeXGhPcDpVc6KUbn6ladMWjRtylWHBzwT3/AP11rwHIr5X/AGP/ABlqk8WqeENYvGvbnSGZop3bcdocKwz3HINfUtk/7kccmriQWaz7r5d3Ga0DwM1TuVxuo3BGHOuUY45pdBvzpms284JUE7TU0wGT6GsyVCWPJ46Vk9DWx7vAu5Aw6Hp71bRMsPeud8DaodV0aBmbc0XyMfeuojXkHsKg0ikTwnbXJ/EEATWLdPlZa6+Na5T4jjFrYvjnzWH6ZoKaSOL86tGwbNi3+/msXcK1dPP+hMM/xVsczVjXgXJJ9amIxUMDAY96m3bqDO4w81W1fjQtS9rdv/Qas1W1cZ0PUx62zn8loKPIXOBVO9cBT71adgQfasu+kATJNZT0OqGpzmovudsf55xXsXhKLY0QAwFUKPwrx1k826jXPJlA/M5r2nw3GFmxn7pwaiCvqFU9J0xtsY961oDkHtisfT+IxV+SXyoRzy3St7GCdi0h34560t7KVg2Bvmb9Kr2bbnAz071BdSlp2IOR61Fh3YCPGMnOKzPEqg6LdvjG0A4+hzWorBqo+IE83Qr3v+5P6VVxF02pkUNjg47+pI/p+tRPpocYIFaFjGWsrdiB80Sn/wAdH+B/OpjGB2FHMOzMOTR1zyqkf3e1Vp9KgGQYkJPqvH5V0Tx5/hqhfLtbpQm2Jxscfq8IjXj5T2Irg/EKlYznGR3Brv8AX2wma898RyAxtxW1jKOp87/FuQCBwB+dfF/xKBM4Un5icmvr/wCL8wKSIjfM7bQM18gfEhw1/MYz9xSvPqK+ertc9j6DD3VO5w/gXUWtL10Rtvlt5q57YOCPxr3e9i3263MIBSYeYmOzD/GvnLQAYdd4OVYbG/E5r6H8JzfatCCk73jcAgdh3rz62ruepRlpYj8b2Sah4YviSGWWNbhcdieteBasnneRLyWVSkvruHC/oBX0ZdRCXRprcMGVWePgdFxkV4LqkQh1J0cDEmxSB0q6D0sRWS3JNFuDHJFJj5Xfaf8AGvW/A16YJUAYADoa8g05SsWz+FGH616R4Sm+SDOdynB96wrdzWlrE+mvh/p63mvpMV3orh1A5yTX0Dq9odVvdF0ELuhYi5ulI6LnI/OvBPgreRzyJO7eX5LZbPoBmvpDwVbnUb3UNdmLbZXxCSP+WY6CvcwNnHQ8jGy95XOi0YfafFOoXBAPlIEA9ABiuguJBjGe2KxfC8JhjuLkgZnfqfSrl3Js6mvXijwnvcVpNpI64qeybfJu7elZwYlj71o6cuWxWtgOmsV/drW/bn92tYthzGta8DYRRWT0A0IX5Ax1ryH9pmz83wSZnU5Ug4HtXrcJ+Ye1cJ8dbJr74fahtXdsj4zXPNXiaJ2dz41LZFITikQ4Ud80Ma8071qLnjNMc4p4GVpkg96AegzdS02l3UALTTJjtSg5pjLmgAAzRnbSgYpr96AA80UUuPerp/EZy+E9BjqeMe9VkcAZqWNq1MC0o4A9amQ4NVkOce1Tq3zUAWVf2qdW71VVqsIQe9FwJ0OanjNQRmpkOKogfz71JkUzevpTc0LUC/pRxj3aujjNc3pRzt/3q6WMe9dNMkeTmmOMinUjdK6guVJPpVZhVyQVTcYqGrFDCcGk3UjH5qXfWQEcyCWMq3Oa+ev2lfAWo+MfDCR6dGJLu0lE6oT98Ywfxr6Haua8S2m6AttHynP1PrStfQuJ+amr+BNU0xpor/TLm2dRlWeM4r0D4O/BiTxJLc38dyF/spYHYHPzyvl+SOQBjGa+uLu1t71WjnijmTGMOoNVPCHgrRPD+uTXWn2K2c14ixT+WcK6jOMjp3rA13Oi8N+MS1vDb6hG8UiAIJx88bY/iyOh+orR8SfZNc0hhHcwyGIMT5cgLlSMP+IABFNm8D6aXaSOFo3znEbmPP1x1pV8J26ACWKaUZ3ZhnVCe393oRVWOdqxk+H7vUbotYJI1rHMd07Rc7go+YR/3Qeu49PSt7RNU0+2tVtRe29vHExlnfeF885zGq56onUepJzU0umKLX7NaRraWrqFmhB3CcdMSN1Ix6YqCDwZpVzIC2lTPICCiR3Hy8emRxSjcixavPH+lWqFYJWv5QMCG0Qt06cngfnXHeNfCnib4xeEtW0e304WNrLFkPI5U7vRmGMD2Fer6V4bs9PjRrXRre3Yf8tLl/PYfQcD9KnvdOklVDNdS3JRt6pny0VvUKK15RrQ/LObwnFZzGVgVuIZHt7mM9UcNj8PWus8P/DfxHrUcU+m6JfOoIIm8sxgY9zX3Td/DHwvJrE2pNodob2U7mlMYJ3dzWwIBENq4VP7qjj8qnlNLpHln7Mnwf1jwTq9/wCINbaOC4vYGgS0RtxAYglm/wC+RX05YqTGPauX0OMAIAMALj3xXXWa7Ux1rpiZuyLDLxiqNwpYMavv3qpN0YYoIMSbqfaqMg+Y+9aUw+9VGQfNWUjdK51nw01X7Fqj2rkgT8gdt1esR+n6V4Dp129hfW9yjHdG2frXvOmXKXlrFcDJEgyKzehcS9H9K5P4kf8AIJsmx0mP6rXXxiuY+JMW/wAPRsONlyD+BGKmLbNJI81ytaWmNizYdfmrJwPStDTnxFKPVq3Tuckjbhf7tW1YetUYHBx7VZUrjNUYjywBxmq+pN5mmX6j+K3kX9MVIdpOaiuebaZeuYnH50FnjMkm0E+tYup3JLYArSmkGCPSsLUXzJWFRnZFWVyvpo8/WbRQesoOPoCf6V7T4c5nz/ebmvGPD6lvEOn46hyT+Cn/ABr2fw3/AKwH0aimTUPRNP8AmGOlOecTTlc/LGcVWhmFvavI3c4FRWXKgn7ztzW5gbVs2y3dvu84FU+cHnrV2aJokVWGBtyRVKSoAdGecZqPVv3mkXgP/PJhiiIktS3Y32F2vrG38s1VhXNfTcvptowPBhX/ANBq2Uz6VU0HnRbDPOIFP6YrQIxWOhsVWzjNZeokhjz0rYfhaxtXb5mrSJMmcb4hbFvjvXm/ia5WO3dj27V6J4i/1PWvKPG85jtJAMVs3aN2YwV5WPnH4m3Cz3skinIjBbH0r5H+It2DJcdmaRipHf3r6h+I1yVSfYwzM7RKc9q+TviDMZbyKNAGWByn4Gvm6msrs+lpJKnocZpi7bp51zw6gD+te9+AboQyyxniOXBCjrzXhdtGbWCc9TJchPooGa9i8IOqSRBmwxZVU/hmuWojqpI7ryigvYnRYzIFIx64wa8A8RxGHV8HnawjPsrdD+FfQrDzTFIcnduI/HoK8C8Und4puQV/duPLcd9ucA4qKTalZF1Y3INMi/0ecNyyMvNdx4UU4kLE5D4zXMWdi8MrI3eQBvfHeuu8PjZbStjGZtoqKzT2NqaSVj3H4S6ukOvi0kbENwChB7kjFfbdhClhoNpZIcAx7cgV+cuiaydK1q1nRtpik3H6V+gHw+1z/hJdBtLkjJ2Z65r1Mtn9k8bMaf2jrrRVtoI40+6g4zVaeXzJMk8VJcygDHT6VRZizda+hijwrFmM7iSO1aum/frJtOjk9q2NMQlgfU4qrknUaf8A6ta0ojgAelZ9omIlNaMY4zms5AXYJGLDpzWH8S7T7Z4I1WPdgiInp1wM1tW/3h7VH4hgW50O+jbkeS2ff5ayl2LPgEHaMemf0obmrGoQiC/uIx0WRhiq54ry+tj0I/DcRm+Wmbqc3TFRnikAtFJS4HrUvQBoyKdS8UlFwEJxTTzTm6U2qACcHFNyaax+anRn1q6fxGc9IneKeMVLG1V1kFS7x2rUxsW0bFTK3OapJJmp1cetAWLitUyPiqSyCplcetAWL8coqwr+9Z6PjvUqy+9FyGmi9up4bJxVJJcdalWX5qqIjT0nOVBH8VdNGeK5jTWO9R/tV00TZFdNMkmpG6UoOaRuldSaYFeQVWlOKuSH2qlN1qJFFd+DmmYPrT5KbWQCg496zdZgEtq+B1rRqKeMOpB6Ggd7Hll2/k3LrnBBxip9LuM38BJ6NSeK7f7JfBugLfnWVp90FvoecfPiud6G3S566h+Ykd6a+QPb0psDfuYjnORmpnAK1RhIhwMEYxn0rW0SLfIxPI7e1ZJOK3vDsQKE561cSTc8sBeKp3owMfzrSjGAQecVQ1EgyEjoK2Awbj7x9qpuuavz4LNVUjJxUAbuiRgY9lrqLTlelc1oo4B9Vrp7Mjy81cWTLXYlZPeq0y/eq5jcM1WmThuaoS1MaZPvVmyL81bMqZz71lzDa+MVnJG0WQ5Jx0GK9Y+GepG90YwtgvA+OvavKGHGc10vw61Y6Z4gWNmxHONuPes5FxZ7UlYHj5Q3hmY/3ZFP64roEB5x2rE8bqG8O3oxwAD+RzWcTZ6q55HnjNW9ObJk7c5xVQcrViycfaAB3Ga6Yo4tWbMHAzmrKt8vWqULdqsodwwKZFh3m0jPuAHrn9artlTimeb09qBni96SlxKv91iv5VjXb5lxWxrZ2apdL02ysKwbmQFyMdO9c1RnfFe6X/CCb/EduDztjdvyAH9a9g8OIQR7nNeTeBl369n0gc/mQP6V6/4awJUJ+6oyfeqpmVU6HUp9iRwE4/iNaWiRNdTrx8qnJ9q5uS6a7nMhP8WAK7Xwrb+VpzylTlzge9bNpGNixcsTIx7YxzVGStK4T5G9azZKlaieggGDnNKfnhkHqjD9MVFvNTQDKkeoI/OrMjV8N86HYn/pgorRYVneGwRolmpHSLH5Ej+labLXL1sdRVkPyisTVnG5q3ZSAp9q5zVjyxzXRDUykzivEMmUK55FeJ/Ei+kjhaFDlj3r2PxNJ8hjXiU14J8TbgwwyMG/eIMk0VX7o6STkfPHxCuo47e8bBP2ZCVPq5r5P12c3GqhQ+PNAyT6mvpX4vXxttEMSE7pcK57kGvmjUo0OpxTt80SSAMF6jBxXz8viPo6fwWKoUTiONeHVhv9yeM16bo83kSW+5cETgqR6Ba8808A3luoDbFCOD65Y8fpXdWh8u605CWAO5jj1B6flXNO50Uj07TpC9qyFizxTYH0rxDxZbGXxJfyRgl3bylb05zXt3h6PzbWTaOcF+euAM15LqS/bvFU5/5ZJcF2I9qwjLW502Y+NAk6A5LxRc5HU1tWO5YYIgPnMrOfw/xqpdJshuZR98nANXrImS5g2feAA/E1EtSopot3zy286TIhMbYU57se1fY37K/jP7Z4da0lkV/KOOTyK8Jm8EDWvhVqk9uqm506dHDd+ab8BPE8nhvxXHauzJb3AGT2LHpXoYZewkpPY4MSvbxcUfekzEn5unrUABLVU02/F5ZxOp3cAnPqe1XE5Oa+pjrG6PlmmnZlqHnjpW/paHyxx0asS3HzDjrXSWAITHvmmSbdscAccCrsZ4xVWDAGKtIcHFRuC1L1scz9eKk1Ib7C5X1hb+WKrW7bnGOCauyjdC465BH51DRZ8EeKoFt/EupxDIKznj61lsa6n4qWP2Hx9rUIGE80EfjXKk5ryXpI74P3QJzQw4zSUMflpDGuM98UzNBOaKjcBefenUZHpSE4oAG6U0gjtSsajMhNWA0nJop1FXT+Izn8J2IbHen+YPU1S833p3ne9PmJsy/HJxnNSJJnvVBJcDGakSXHejmCzNJZcdeKlWT3rNWbPWpknBp8xVjTFxinpLnvWcJgTip45V9Kd0ZSNESY7j86sW0m9qyvPHoKv6UfMyfSqiyLM6DTPvr/AL1dND2965iwbLLj1zXTQHJA9K6YuxmWAMUjdKUHNI3SumIEMlUpTntV1+arSLTtcoqSCm98VLIfaoC+G6ViA6kYbjilHNH8dAHB/EGyZ7bzAMFDkV51b3pFzGSOj5HvXsHii1F1ZyKRXhN7dNa3zKfl8t8Ba5pG610Pf9Kl82wgY9SvStAnIxWJ4ak8zRLZicsVrYrSJlJDGFdF4c+4B61gMfat/wAPfKgPpV9bE2N5ehPrWXqR2s3NabH5eKyNTOWf2rUkx5pPnI9ajHLU2Xl6WE/vAPWoA6XSRwo/2a6G0OI8Vz2lfwf7tdBa/dq4kFxfu1BP91qmU/LTHGMg96oDKkXjNZk4y2cVs3C/LxWTPx2okXFlBs7aktLh7O7hnQ/NE+4f4UMPlqKueSZpG59E6VfrqemQXSn5pIs8etVPF658Mah6iMt+VYPws1b7TpElu3zNGfl9hXR+Ih5mg6gvrC38s1C0N+ljxY8r1xUls2y6THcYqDI2jBzmlifFxGffFdMTmN2JsEnPSoXvZJScHYB3pI/4uaquCtqyHmSpnpsRYm84t8wfcOP1qUPkA+tUfvztII2RCoG09sVMJMKPas1O4WPJvFJ2a/qSjP8ArCw/GudcEuT61v8AjGRh4lv1/vN1rEYjcPes56noU37upveA0/4mtw3pAR+bV6pYP9ms1/vE9a8z8ADfc37Y6AD8zmvQY5tyKvoM1dPTc56l3sa1jG000UcfLFvzr1eCFba1iiUYCrXAeArI3+receUhX0716NKMk9hnilJisZtyMK1ZcvFa12wCNxWTLzWsTGRBUtkfnC9SahPBxTo28n5u47+tWRY2/Czk6LCzHjLAf99NWozVieG5Via6sicFWMkanupA/wAD+dbXUcc/Sua3vHQV5vutXMay+wketdJd8Rsf5VyGtyZb8M10RTRlI4fxI/7t2/iPQ188/Fa4LTKgPbBGete/eJJQIZMnGFLflXzX8SL5XvXJwTH+tRXfLE1oR5p2Pmv4y36LLOpbiFGJHv2r5+1iRzZmdvlZ5AZMdVBHB/OvW/jFdNeatHZrne7Esv8Asn1rx/V5/P1RoBzCIhCw9cdDXgPV3R9FFcqsanh2DHkzMMCRVLFuigA5/U10miXLX15BIAC4kacKPftWE1wVsUVSAGO7AHr1rc8Ipuv3lXp91AKxmzekvesesaDODYSybsNtKZ6DBGK8+tbELrt25GAp3g9iD3rtraQQeFrmTqznAH44rGtIGljUtxIy+WQemBXFsdT0MbU4yhs4nH3hvKjuKv8Ahe0+26tAATgsG/EVQ1Fxc6jcFTnB8pCOy12vwu0aTU9YijSPc28kEegq7c0rCu4xufSnwV0KPXdA8Q6TMBif7uBxny+M187y6RPouvy2oZoZrZ3aP1ODhK+qPgApjvfEJAGzzzGg+iYryX48+FW0nxrFPFEoW9Rh5q/wlTkGvZlT/dKx40Jr2rTPcPhL4q/trQbSVmPmeUvmDrtfGSPwr02JwwyDmvlP4JeJBo/iBrViV0++CzKzdM4w368V9TabhkBGeQD+Br0cLPmhY8vEQUHc27NPmTjrXSWS44rEtV2yIMdK6G0XDD3ruujiNCIEd6sK3zZquhxUquM1ARL9q37xa0dvJ5yDWTan94vNaaNjrUDufG3x4tmtviJeEjG9Ff6155Xrn7Sdu0fjeOQrgPEB+VeRr83tXkzVpandTelgpG6Uvr7U0nNRc0GYoxT8j0oyPSjQApGpC2DimsKdgBmqOlKk96SlcBd1LTaXdV037xnP4Te3j1o82qYcnvTt9OxpZl1ZqlWaqKSZ9qeJQO9Fgsy+JcU9JSDiqQlzT1l5zUkF5bg7qsRy+9ZofBzUiy7e9VcUoo0fP963PD/zIx7Vyfn+9dZ4cGbPPrWkGQ9DodPP7xR74rp4OMH1rlrBsTL9c10kL/KuOa7Io5i4DilbpTQc9qc3SuiIERGaryjFWary81pcopyVXbrVmQVXYfNWFgFEmO1AfLZxUZOKVWqQM/VFDoRjp14rwL4jWpsNWeQLtR+/pX0FdfMjcmvG/jJp2+xFypOQM1zzTRtFnoHw9vBdeF7Ryckr19K6gODXn3whu/P8IW5ByAMY9K7xBmqg7ikiX71dBoH3QK54HFb/AIffpxWv2jI32Hy9axtScbn961HfC1i6keWrQkyX5alhX96tI3WnQ/6xagqx0mljaFP+zXQWv3a57TW4Uf7Nb9q/y9KuJkXlT5Rz1pjjJJqVT8o9qjbv71pYChKMDmsydM59q1ZVyD7VmTfxVO5asjNfgYqKpnGahrKRvE6/4baubDxCsTttjmUDHua9Y1of8Sq9GM5iYY/4DXgVjcmzu4Zhw0bAg+wr30TLfaK0oG4S2zMD77azeg7nhaYVR7UE4mi92pA2Bg1Gzfv4R/tVtExNtZNpamyMGBGOtRFsMfems1D13Cw0sfukkj3p27jFRk5XHems+2iyQWPLfFx/4qS7+uaxn7H0rX8XN/xUd0fp+tZJGRXJJ62O6K90634fKAL9sdSortIlZx8vHzVyHgBcWl63rIF/IZruNFtTfajbwA53vjArSLVrmEk72PVPAOlCx0JJWG2Wc5z7Vuz89OKsWtotnaxQryI1wKglXO72qC7GZefcYVly8VrXq4U+9ZE7YNdETlkiuzfNSD74B5UdqRj81AOXrWxhc0IYvNMMqsYriM5DjoR6VpC4u1U+YscmPTiqVgxIya0exyetY2d7m12U7u8lWEmSDCnuprkNXvVYnIIwMV1uolRF0x9DXC6zKfmya2iRJnDeM79VtJAp5JI/OvmX4kXi263MzBefU4r3zx3drHAyhx1zXyR8ctdaLMETBppP4TxgetcWKkuWx6GEj73MfO3i++aW6vbtyWdztj55xnHFcILbdfQTAh0B5ye/YH6103iwNGyoWzhMr9c5rlluXjcxDkE/Pn1HQivHie1IuCSeQrChHmbtriu38Jx+TJuAwYjhfc+tcJYRGN3uHnGQpZCBncR2rv8AwyClog5OTycVz1VY3pdzstVY2/hm3t87C5yT+OadJIsGn71A8x8gs3v3qv4lbfJaQKckDO3rTdemIt4IT8qBcnHWuQ67XMezgIhluCMeXHyF5ya9y/Zq8PibWBO+SsULSsevbNeRQ2q2PhhnGRJckBMDPBr6N+AFqmkeENYvyjIq2rLvx7Yrpw8W5anLiJ2joenfs+w5Oo3J+5NcME/3c/zxWb+0p4dV9BuLmKI+bZ3AnUjqEJwR9K6D9n6wMXg+zm5/eHec9810PxS0k65oerwAAmW1Zf8Ax3ivo1C9OyPnVK1S7PlfwyV0rxLbxSn/AEWJgFUn7qSc/wA6+t/BzvC32GchmG0xNnqlfI0tsGs/Dl+Mb7i0aJt3GZEOBmvrLwcv9ueF9Mukwtz5SuJF9fSscL7rsaYpcyuejWgDvuHQDI962ouGWuc0m+85G3jbKoww/wAK6GJxlTXp2PKNBORmlUHdTY24xTkOTmkBbtztdTWlGdxAB61kRttIPpWjbSYdRUgfOn7U9mU1fS5wPvKFP414YMH2r6M/augI03TZ17FRmvm9c15lW/Md1JoceAT60ylZuMYpKwehqFITilpG6VIDfvHNNd8dqcOKjfmquAbqSiikAUUUYHrV0/iM5axLYcjtmn7qrxyk9al3ii5pcm8ygPntUG/3p6Pmi4XLKsamDYqqsg9Kf5ntU3FYs+Z9afvFU94qTzadg3LG6u90BcaXGe5rz9XywGOpxXoWkr5djCPbNbQM5qxp2xxMtdJp53IpNc3BxKpro9Mb92Pau6JzWNNaG6ULQeRmt4hYZjgnPSq0hqYnCn3qrJVgQyVA4wc1PJVWQ1kBCxoU84qNzihT81QAlwP3bc1xPjXTk1DS7mFlzviIHHQiuznJKketYOqR+bGwPQ5H51M9rmsTkfgeDBodxbA58qQjn2OK9Oj6V578MbYWWoapCvA3Fh+JzXoUfSs6fw3Ceg8DNbugnGKw84962NEOCwrT7Rhc3JHG2sfUnGWrSlOFrH1E5Zuau4FIjJpYf9YtNLYqaEfvFpFG7pxxt+mK37Y4GKw9PHCmtiDIx71cDI0EfIxTyM1DGal3VqBUlGNwrPmX71aUq7mPvVCZfvc0rAjHl5zjjFQkYq1KMZ96qvxWG50bDiuRjPNexfD3Uft/hmNGfPkqUI9ARivG884zXffCi/8ALury1P3ZVyB6VG5SOScbXZTyQ5P5Z/wqJv8Aj4h+uanuFxcyrnkM3P4kf1qB/wDj8hrZaGRqMec1Cx4zmnMahc4GKqwDi+KikakY8ZqKRqkZ5t4u/wCRhnPoFNZYGa1PF/Gv3B/2R+lZg4Ga45fEd8fhO18DDGmXOBjdORn6DFeufCzSvteqy3LkEQcg4715N4K+TRvdp2I9+M19C/DTTUsPDyygfPO+4nPb0p7aGVru51Tdapyfxe9XWHGapSUlqN6Gff8A3axbjqT6Vs3xytY1xzn3rqhqcciqeTmheuaTPOKcARWhzmnp+cHjpWjWTYSFZlB6Vq54zUmlzP1HlMVwXiBwu7Jwa73UPu1554nI8tyeo71WwpHjfxCvDDbzAIPN2kAH2718qahoLeLvFd3eTIWsLPiTd/E/oDX0H8V7mWT/AESAFry6by4tzYVc/wAR/wAK5C48OweHPD0dnAeQNzOeS59TXnV48x6mHkowufGnxHtYk1mdNxVlkwcdhXnGqPFGr4VwuMBxXrHxX08W/iaXo6yPlmHGK8l1eIRPjzTgjOCK8mL3uexJXgmi1psqGWFRtVY1KgHoQa9R8LwBJ7eJWyh+ZifSvKNHhaWaKHPU8n2r1XwhMbiR5CcInyDI7VhVZtSNwv8Aa9cV1XIDHoPSobk/2j4iS2TLhz5ewDvUulO0cEtwGyBkZx611PwZ8L/294ojndt0cDtIzN1JFc9Nc7sdMpcquO8S2X9ny6XZQw8QxlZBj+LOBXvWhwPoPwV27iZ7vMWAMdTivGr2L+2NTtrz+K8vGwD2UHNe7+ILQronhPSc/LcXe6QA44zmvUw8Nbnk4id4nsHwv03+yfCNjCQF2RKAPfGa19TiE0NwCo+eNh+mKn021WxtoocfKMfoMU2/iCo3zdc8/WveStTPEbvO6PkRbVF0zThgYt9bliwewLdK+lPgnk+FVhzzBK6DPp2r5ymRVsLqUZzFr+5R77ua+k/hFGbeDUYOmLncPoa46S946qr907t7d1dZ4Mecv8PrWvpt9HcKCcgjsaqJwAaiKeTL5inB9q9S55Nzp43H41PHWXZ3Ilj5zu9a042qbFE4wO9XLU7pFxWfmrcL7JVxxUtWA8u/agsRceB4JQMmOUH8BXy4hBGa+vP2hrT7T8Obs9SvSvj+MfLXnYjSWh1UNSRgKjpWpK49zpDA9aQjNNzS7qqwCVGeTink4OKj3fNUgBGKKCc0UAITg4pm+kb71JWtNe8RJaWP/9k=', 'active', '2025-12-18 17:49:12');
INSERT INTO `users` (`id`, `name`, `email`, `password`, `role`, `phone`, `photo`, `status`, `created_at`) VALUES
(2, 'Dr. Arjun Reddy', 'arjun@gmail.com', '123', 'doctor', '9876543210', 'data:image/jpeg;base64,/9j/4AAQSkZJRgABAQEASABIAAD/4gxYSUNDX1BST0ZJTEUAAQEAAAxITGlubwIQAABtbnRyUkdCIFhZWiAHzgACAAkABgAxAABhY3NwTVNGVAAAAABJRUMgc1JHQgAAAAAAAAAAAAAAAAAA9tYAAQAAAADTLUhQICAAAAAAAAAAAAAAAAAAAAAAAAAAAAAAAAAAAAAAAAAAAAAAAAAAAAAAAAAAAAAAABFjcHJ0AAABUAAAADNkZXNjAAABhAAAAGx3dHB0AAAB8AAAABRia3B0AAACBAAAABRyWFlaAAACGAAAABRnWFlaAAACLAAAABRiWFlaAAACQAAAABRkbW5kAAACVAAAAHBkbWRkAAACxAAAAIh2dWVkAAADTAAAAIZ2aWV3AAAD1AAAACRsdW1pAAAD+AAAABRtZWFzAAAEDAAAACR0ZWNoAAAEMAAAAAxyVFJDAAAEPAAACAxnVFJDAAAEPAAACAxiVFJDAAAEPAAACAx0ZXh0AAAAAENvcHlyaWdodCAoYykgMTk5OCBIZXdsZXR0LVBhY2thcmQgQ29tcGFueQAAZGVzYwAAAAAAAAASc1JHQiBJRUM2MTk2Ni0yLjEAAAAAAAAAAAAAABJzUkdCIElFQzYxOTY2LTIuMQAAAAAAAAAAAAAAAAAAAAAAAAAAAAAAAAAAAAAAAAAAAAAAAAAAAAAAAAAAAAAAAAAAWFlaIAAAAAAAAPNRAAEAAAABFsxYWVogAAAAAAAAAAAAAAAAAAAAAFhZWiAAAAAAAABvogAAOPUAAAOQWFlaIAAAAAAAAGKZAAC3hQAAGNpYWVogAAAAAAAAJKAAAA+EAAC2z2Rlc2MAAAAAAAAAFklFQyBodHRwOi8vd3d3LmllYy5jaAAAAAAAAAAAAAAAFklFQyBodHRwOi8vd3d3LmllYy5jaAAAAAAAAAAAAAAAAAAAAAAAAAAAAAAAAAAAAAAAAAAAAAAAAAAAAAAAAAAAAABkZXNjAAAAAAAAAC5JRUMgNjE5NjYtMi4xIERlZmF1bHQgUkdCIGNvbG91ciBzcGFjZSAtIHNSR0IAAAAAAAAAAAAAAC5JRUMgNjE5NjYtMi4xIERlZmF1bHQgUkdCIGNvbG91ciBzcGFjZSAtIHNSR0IAAAAAAAAAAAAAAAAAAAAAAAAAAAAAZGVzYwAAAAAAAAAsUmVmZXJlbmNlIFZpZXdpbmcgQ29uZGl0aW9uIGluIElFQzYxOTY2LTIuMQAAAAAAAAAAAAAALFJlZmVyZW5jZSBWaWV3aW5nIENvbmRpdGlvbiBpbiBJRUM2MTk2Ni0yLjEAAAAAAAAAAAAAAAAAAAAAAAAAAAAAAAAAAHZpZXcAAAAAABOk/gAUXy4AEM8UAAPtzAAEEwsAA1yeAAAAAVhZWiAAAAAAAEwJVgBQAAAAVx/nbWVhcwAAAAAAAAABAAAAAAAAAAAAAAAAAAAAAAAAAo8AAAACc2lnIAAAAABDUlQgY3VydgAAAAAAAAQAAAAABQAKAA8AFAAZAB4AIwAoAC0AMgA3ADsAQABFAEoATwBUAFkAXgBjAGgAbQByAHcAfACBAIYAiwCQAJUAmgCfAKQAqQCuALIAtwC8AMEAxgDLANAA1QDbAOAA5QDrAPAA9gD7AQEBBwENARMBGQEfASUBKwEyATgBPgFFAUwBUgFZAWABZwFuAXUBfAGDAYsBkgGaAaEBqQGxAbkBwQHJAdEB2QHhAekB8gH6AgMCDAIUAh0CJgIvAjgCQQJLAlQCXQJnAnECegKEAo4CmAKiAqwCtgLBAssC1QLgAusC9QMAAwsDFgMhAy0DOANDA08DWgNmA3IDfgOKA5YDogOuA7oDxwPTA+AD7AP5BAYEEwQgBC0EOwRIBFUEYwRxBH4EjASaBKgEtgTEBNME4QTwBP4FDQUcBSsFOgVJBVgFZwV3BYYFlgWmBbUFxQXVBeUF9gYGBhYGJwY3BkgGWQZqBnsGjAadBq8GwAbRBuMG9QcHBxkHKwc9B08HYQd0B4YHmQesB78H0gflB/gICwgfCDIIRghaCG4IggiWCKoIvgjSCOcI+wkQCSUJOglPCWQJeQmPCaQJugnPCeUJ+woRCicKPQpUCmoKgQqYCq4KxQrcCvMLCwsiCzkLUQtpC4ALmAuwC8gL4Qv5DBIMKgxDDFwMdQyODKcMwAzZDPMNDQ0mDUANWg10DY4NqQ3DDd4N+A4TDi4OSQ5kDn8Omw62DtIO7g8JDyUPQQ9eD3oPlg+zD88P7BAJECYQQxBhEH4QmxC5ENcQ9RETETERTxFtEYwRqhHJEegSBxImEkUSZBKEEqMSwxLjEwMTIxNDE2MTgxOkE8UT5RQGFCcUSRRqFIsUrRTOFPAVEhU0FVYVeBWbFb0V4BYDFiYWSRZsFo8WshbWFvoXHRdBF2UXiReuF9IX9xgbGEAYZRiKGK8Y1Rj6GSAZRRlrGZEZtxndGgQaKhpRGncanhrFGuwbFBs7G2MbihuyG9ocAhwqHFIcexyjHMwc9R0eHUcdcB2ZHcMd7B4WHkAeah6UHr4e6R8THz4faR+UH78f6iAVIEEgbCCYIMQg8CEcIUghdSGhIc4h+yInIlUigiKvIt0jCiM4I2YjlCPCI/AkHyRNJHwkqyTaJQklOCVoJZclxyX3JicmVyaHJrcm6CcYJ0kneierJ9woDSg/KHEooijUKQYpOClrKZ0p0CoCKjUqaCqbKs8rAis2K2krnSvRLAUsOSxuLKIs1y0MLUEtdi2rLeEuFi5MLoIuty7uLyQvWi+RL8cv/jA1MGwwpDDbMRIxSjGCMbox8jIqMmMymzLUMw0zRjN/M7gz8TQrNGU0njTYNRM1TTWHNcI1/TY3NnI2rjbpNyQ3YDecN9c4FDhQOIw4yDkFOUI5fzm8Ofk6Njp0OrI67zstO2s7qjvoPCc8ZTykPOM9Ij1hPaE94D4gPmA+oD7gPyE/YT+iP+JAI0BkQKZA50EpQWpBrEHuQjBCckK1QvdDOkN9Q8BEA0RHRIpEzkUSRVVFmkXeRiJGZ0arRvBHNUd7R8BIBUhLSJFI10kdSWNJqUnwSjdKfUrESwxLU0uaS+JMKkxyTLpNAk1KTZNN3E4lTm5Ot08AT0lPk0/dUCdQcVC7UQZRUFGbUeZSMVJ8UsdTE1NfU6pT9lRCVI9U21UoVXVVwlYPVlxWqVb3V0RXklfgWC9YfVjLWRpZaVm4WgdaVlqmWvVbRVuVW+VcNVyGXNZdJ114XcleGl5sXr1fD19hX7NgBWBXYKpg/GFPYaJh9WJJYpxi8GNDY5dj62RAZJRk6WU9ZZJl52Y9ZpJm6Gc9Z5Nn6Wg/aJZo7GlDaZpp8WpIap9q92tPa6dr/2xXbK9tCG1gbbluEm5rbsRvHm94b9FwK3CGcOBxOnGVcfByS3KmcwFzXXO4dBR0cHTMdSh1hXXhdj52m3b4d1Z3s3gReG54zHkqeYl553pGeqV7BHtje8J8IXyBfOF9QX2hfgF+Yn7CfyN/hH/lgEeAqIEKgWuBzYIwgpKC9INXg7qEHYSAhOOFR4Wrhg6GcobXhzuHn4gEiGmIzokziZmJ/opkisqLMIuWi/yMY4zKjTGNmI3/jmaOzo82j56QBpBukNaRP5GokhGSepLjk02TtpQglIqU9JVflcmWNJaflwqXdZfgmEyYuJkkmZCZ/JpomtWbQpuvnByciZz3nWSd0p5Anq6fHZ+Ln/qgaaDYoUehtqImopajBqN2o+akVqTHpTilqaYapoum/adup+CoUqjEqTepqaocqo+rAqt1q+msXKzQrUStuK4trqGvFq+LsACwdbDqsWCx1rJLssKzOLOutCW0nLUTtYq2AbZ5tvC3aLfguFm40blKucK6O7q1uy67p7whvJu9Fb2Pvgq+hL7/v3q/9cBwwOzBZ8Hjwl/C28NYw9TEUcTOxUvFyMZGxsPHQce/yD3IvMk6ybnKOMq3yzbLtsw1zLXNNc21zjbOts83z7jQOdC60TzRvtI/0sHTRNPG1EnUy9VO1dHWVdbY11zX4Nhk2OjZbNnx2nba+9uA3AXcit0Q3ZbeHN6i3ynfr+A24L3hROHM4lPi2+Nj4+vkc+T85YTmDeaW5x/nqegy6LzpRunQ6lvq5etw6/vshu0R7ZzuKO6070DvzPBY8OXxcvH/8ozzGfOn9DT0wvVQ9d72bfb794r4Gfio+Tj5x/pX+uf7d/wH/Jj9Kf26/kv+3P9t////2wCEAAIDAwMEAwQFBQQGBgYGBggIBwcICA0JCgkKCQ0TDA4MDA4MExEUEQ8RFBEeGBUVGB4jHRwdIyolJSo1MjVFRVwBAgMDAwQDBAUFBAYGBgYGCAgHBwgIDQkKCQoJDRMMDgwMDgwTERQRDxEUER4YFRUYHiMdHB0jKiUlKjUyNUVFXP/AABEIAFoAWgMBIgACEQEDEQH/xAGiAAABBQEBAQEBAQAAAAAAAAAAAQIDBAUGBwgJCgsQAAIBAwMCBAMFBQQEAAABfQECAwAEEQUSITFBBhNRYQcicRQygZGhCCNCscEVUtHwJDNicoIJChYXGBkaJSYnKCkqNDU2Nzg5OkNERUZHSElKU1RVVldYWVpjZGVmZ2hpanN0dXZ3eHl6g4SFhoeIiYqSk5SVlpeYmZqio6Slpqeoqaqys7S1tre4ubrCw8TFxsfIycrS09TV1tfY2drh4uPk5ebn6Onq8fLz9PX29/j5+gEAAwEBAQEBAQEBAQAAAAAAAAECAwQFBgcICQoLEQACAQIEBAMEBwUEBAABAncAAQIDEQQFITEGEkFRB2FxEyIygQgUQpGhscEJIzNS8BVictEKFiQ04SXxFxgZGiYnKCkqNTY3ODk6Q0RFRkdISUpTVFVWV1hZWmNkZWZnaGlqc3R1dnd4eXqCg4SFhoeIiYqSk5SVlpeYmZqio6Slpqeoqaqys7S1tre4ubrCw8TFxsfIycrS09TV1tfY2dri4+Tl5ufo6ery8/T19vf4+fr/2gAMAwEAAhEDEQA/AP1CVKnVKnC8VMq1oZjFSrSpT1WrQWgCIJSkAAk9AM59KnOAMk4A6mvhLxh4yu9du2hhkaKyViI0BP7zB++4BGSew6CvTwOCqYqryp8qXxS3scGLxUMPT5mrt7LufS198QvBtnM0UmqRtIG27I1Mhz6DaKbafELwtcSOvnyxFcf62FlBzxx1r4xtI7a3b93AxY/xHkn3z611kdvHLAwkg8xW6qwBAFfcrh7BKGs6t+91+Vj5L+2sU5aRhbtZn3BYajpuoQmW0uop0BwWjYNg+h9K1dlfEmjas+hanHcRRjy1BSSMcZQnO38O3oa+34ZI5oY5EOUkVWU+oYZFfHZnl7wlWNm5Qkvdb39GfTYDGrE03dJSjuv1KrJUOytQrVfbXhXPYsUgKkUU2nA07isW1FTiqgYVJupXCxxXjbUo9P8ACWs3LPs2WkgDDqC/yDH4mvz3t94iQqY1GOCzDJHavof9oDxBBaeC5rFbpIbm6KyoZEZkEduwdyxAIHTgHrX53aF41sfsqralr+eJF8zyztSM9lZzn5v9la+xyXGYOhRryqVoR5ZK93qtNDwczwGNrToKFGclNPlstHZ66n1xYw3Lkfvk/wC+Sf5Cu9jt51QZdfqEIr5i0v4mabazf8TW3ubODjEq24lB/wB7DMw9sivrjTIdN1myiutK1uOWJ1BUtEO/OGGVIPtXpz4qym/xyt35GYQ4Uza1+SN+3PqjhtSD+W/mxjbgjzEOQPr6V9y6LCYtH0+MnJW2hB/BBXxfrKy2flxytE5kcRh42yAXO0ZVucEnsTX3TDH5cUaddiKp/wCAjFePm2Y4TF0aEqFRSScr2urPTdM6cFl2LwdarGvTcG1G2zTXk0DCmbasEU3FfInvnPk1Dv5qN2rPeUChiNbzKeJPeuc+0+9PW4GetJMZ5d8RNMS8ii83zfJltriAmM4YPIOBn3GRX5SfDjTI4PEmo2skGG+2MzxsQSNo2EMRwSCDnFftjKltcx+VNGskbkbkYZBGa/G7TbWXTvEfiBlly9vqBiZmOWObggkk+3evncbQ5XVqJ6TSVvM+3yvGKpChScdaTevdO59fQ/B/Q3vJdQi0+3bzo5A3mBzw4wc4YA4/hyOKn0DwnbWGgavYWl7NErTIiPkF0B64JH4DNcZqHjnUopzpqXJjuFgEiiRSkOCcDeSeQcdR0qlpnjvUbSfUotQ8PS2yPLGRPFKXt1GATJ5hABX2Ga8LlnJRtsl1Z9moQipar3n0XbuN8FfCAxeNNKlvGafZemd5J0IkYxnemxlY9MfNnrX6mgGvmD4b6nda3qTTy25QWMRVjjC+ZJwNvrlea+pBX1uX87w95X1enofmmc+zWM5I292Kv11eomKbtqSmV6Z8+cBK5Ga56efFbdx3ri7p+etAxj3PPWpY7gk9a5aWXB61JDOoBJYADkknAH1oSGz0OGYkr9RX4QeJ/FR074heMbaY4ivLy7aCTnG7eWUj6EV9z+NPjFqt1rkuieFZYv8AQ9h1LUiokERbpDADw0hHVzkKOnNfL2pfDqLxJpckTBhdqplSQddx+bn615GOr06dRUpp3+0uqPo8rw1acJVYNW+y+jtufYPhXUtb1HTdA1PT5RN5ltsljjlCM3IJA3ZDAkcg1qa0k+o39vdT+G4Q1sf3MCW8SPPcOSqKBFnJJPOeB1r8/PAE/wAYvBkM8NlYLd2m8ldzY8tjxkHsD6V9x2+reObTTodaR7JNTjTzIbeVGa3BcbWWTaQ2WUkBh93Oa8aMYqcIRqc0ZzSVtdGfZyxM3h51HRSqQpPWUba+p98+CtBl0XQLe3nKG5cmW5KfdMr9QPZRwPpXfyy+XDK+M7EZsDvtGcV8wfDL41eHvGFnNFcbNK1e1YJeadPKu5GIyHic4EkTDlWH419PIQWUEcEj8Qa+2dGVL3HBxtpZq22h+S+2VWTnzqXNrdeep534O8R3WsWKy3CoGkjWVNgwArdV5znHrXTy+IfD8Urxyapbo6MVdSwyrDgg/SvjTw342m0jSHW1t1naE3EMTu2EwHIQnucADivnG50z7TcSzzO7yyuzyOWOWZjkk/U19W8pVatOUWoQ05ban5/DPZYbDU4TTq1U2pNux+m90eDXmGtX1rZW0s88ojjQcsffgAepPYV6HcyAA5NfEnjO/n1trjypM28efKj5wxTkPx3JHHtXkZZl8sZiFC9oLWUuy/zPscbi44ai5WvJ/Cu7F1b4k24KQ2VrI88r7E83AUE9yASTjuK8M8eeIru00HU728vJZvsqnbHnarO3CqFHByTgV1uhaetxcLP5Z2RxhkzzueUZJHsBx+NeJ/EG3ivNW8MWDynbd6vJNKgHDRWamT9WwBX6/Ty7A4KnUdCmvaNJRlL3nzSdkfnVTHYvFTgqs/cu3KK0VluZvhPSpNAtbHflp7na13I3eVwXkJ98nC+gFfXuj6a1nHpOoAApJmGXHIBzxmvLrHRnvdIt55UXdvb5fVozjn617F4evDETHKWNuzAyIegI749a+X4s4fo43BQqYeH7/Dw5V3nGPR+fY+r4Vzypg8XKlXn+4rz5nfaEpdfR9T0xNAto5pPLdlV+sYHDc5H86zdSS1EW1hwuOPXHQV6dNqdlBAZggKINxbuMdsV4PrTXsmmalNAuLkwTNDgZxIVO3A74OK/LuFMsjiMw9rJXhQtL/t7ov1P07inMp0MB7JStOteP/bvX/I/N7x7e2Wn+PbCS2uImk8ue1u4VcM0cWfMjZ1HICk9+lek+DvjZ4s0NrQ22sSmPap+zyt50TY64D5x+BFYWm+DYH+GNjPLpo+1z2hnnMgV2eYklmfIO4nrya+Hdk9jfXtqoZERTLGvOEYHkLnsfSv22rJunGVSnTnSxElK1r8rcVpr3tv3Pw6nyqq4xlONSjFxvf4kpb6drn7F+ENWj1DwvAwYNLI8hYDj5ixJ/nXq6eHFKKTnJAr5T+DcFzPp9lMASpLEj2JzX6HLsCr+7PQdq8OpL2UnFbJtfceHOiqtSUr9b/eUviBryab4dupDJsMpWBWxnaZTtLY9hk1806bOk6yBQFeAgOgO4DuCPVGHINel/FEn7Jpgzx9uXj8K+ZvDLMut2CqxA87UYsA4GxCCqf7o7DtXRwzQgsFOfWTb+7Q+qz2tL6xCPRWX3ntGkI0WlSQr962klhQHsC25P0YV8/wDiSyQfFnwtCqgpBo2obc92ygJPuc19GaX/AMhDUx23W5x77DXhmvf8lg0X/sEXv/oaV9HWbsl/08p/+lJnjUlrf+5Nf+Ss98W0jg0q2iVf7zY92Of61VtYDu3jueR2zW3c/wCpX/rnRZgfY5Po38q3Umk/N/mZtK6XZG00jS2cUG07g4JPqo5AP0NSrGhOw8gDmsCB33RfMf4e9bo/10n/AFzb+dedSwlDDuq6UFH2k3OVusn1PRq4uvXVL2k3L2cFCN+kV0PnfwRbRyeArWEL/wAezzwY68I5I/Q1+evxOs00++uvkA3MCD6fKRj6V+j/AIB/5AWqDsL6T/0EV+e/xy/4+5fqv9ayxT5MBUSWlOSUf+3XYKC58XSbetSLbfqrn6U/AXQzF4N0h3XDNbRsf+BDNfawtI8fdrxX4boq+FtNCqAPIj6DH8Ir20E+tfFV5ydR69SqUYqN7bs//9k=', 'active', '2025-12-18 17:53:27'),
(3, 'Dr. Meera Kapoor', 'meera@gmail.com', '123', 'doctor', '9123456780', 'data:image/jpeg;base64,/9j/4AAQSkZJRgABAQEASABIAAD/4gxYSUNDX1BST0ZJTEUAAQEAAAxITGlubwIQAABtbnRyUkdCIFhZWiAHzgACAAkABgAxAABhY3NwTVNGVAAAAABJRUMgc1JHQgAAAAAAAAAAAAAAAAAA9tYAAQAAAADTLUhQICAAAAAAAAAAAAAAAAAAAAAAAAAAAAAAAAAAAAAAAAAAAAAAAAAAAAAAAAAAAAAAABFjcHJ0AAABUAAAADNkZXNjAAABhAAAAGx3dHB0AAAB8AAAABRia3B0AAACBAAAABRyWFlaAAACGAAAABRnWFlaAAACLAAAABRiWFlaAAACQAAAABRkbW5kAAACVAAAAHBkbWRkAAACxAAAAIh2dWVkAAADTAAAAIZ2aWV3AAAD1AAAACRsdW1pAAAD+AAAABRtZWFzAAAEDAAAACR0ZWNoAAAEMAAAAAxyVFJDAAAEPAAACAxnVFJDAAAEPAAACAxiVFJDAAAEPAAACAx0ZXh0AAAAAENvcHlyaWdodCAoYykgMTk5OCBIZXdsZXR0LVBhY2thcmQgQ29tcGFueQAAZGVzYwAAAAAAAAASc1JHQiBJRUM2MTk2Ni0yLjEAAAAAAAAAAAAAABJzUkdCIElFQzYxOTY2LTIuMQAAAAAAAAAAAAAAAAAAAAAAAAAAAAAAAAAAAAAAAAAAAAAAAAAAAAAAAAAAAAAAAAAAWFlaIAAAAAAAAPNRAAEAAAABFsxYWVogAAAAAAAAAAAAAAAAAAAAAFhZWiAAAAAAAABvogAAOPUAAAOQWFlaIAAAAAAAAGKZAAC3hQAAGNpYWVogAAAAAAAAJKAAAA+EAAC2z2Rlc2MAAAAAAAAAFklFQyBodHRwOi8vd3d3LmllYy5jaAAAAAAAAAAAAAAAFklFQyBodHRwOi8vd3d3LmllYy5jaAAAAAAAAAAAAAAAAAAAAAAAAAAAAAAAAAAAAAAAAAAAAAAAAAAAAAAAAAAAAABkZXNjAAAAAAAAAC5JRUMgNjE5NjYtMi4xIERlZmF1bHQgUkdCIGNvbG91ciBzcGFjZSAtIHNSR0IAAAAAAAAAAAAAAC5JRUMgNjE5NjYtMi4xIERlZmF1bHQgUkdCIGNvbG91ciBzcGFjZSAtIHNSR0IAAAAAAAAAAAAAAAAAAAAAAAAAAAAAZGVzYwAAAAAAAAAsUmVmZXJlbmNlIFZpZXdpbmcgQ29uZGl0aW9uIGluIElFQzYxOTY2LTIuMQAAAAAAAAAAAAAALFJlZmVyZW5jZSBWaWV3aW5nIENvbmRpdGlvbiBpbiBJRUM2MTk2Ni0yLjEAAAAAAAAAAAAAAAAAAAAAAAAAAAAAAAAAAHZpZXcAAAAAABOk/gAUXy4AEM8UAAPtzAAEEwsAA1yeAAAAAVhZWiAAAAAAAEwJVgBQAAAAVx/nbWVhcwAAAAAAAAABAAAAAAAAAAAAAAAAAAAAAAAAAo8AAAACc2lnIAAAAABDUlQgY3VydgAAAAAAAAQAAAAABQAKAA8AFAAZAB4AIwAoAC0AMgA3ADsAQABFAEoATwBUAFkAXgBjAGgAbQByAHcAfACBAIYAiwCQAJUAmgCfAKQAqQCuALIAtwC8AMEAxgDLANAA1QDbAOAA5QDrAPAA9gD7AQEBBwENARMBGQEfASUBKwEyATgBPgFFAUwBUgFZAWABZwFuAXUBfAGDAYsBkgGaAaEBqQGxAbkBwQHJAdEB2QHhAekB8gH6AgMCDAIUAh0CJgIvAjgCQQJLAlQCXQJnAnECegKEAo4CmAKiAqwCtgLBAssC1QLgAusC9QMAAwsDFgMhAy0DOANDA08DWgNmA3IDfgOKA5YDogOuA7oDxwPTA+AD7AP5BAYEEwQgBC0EOwRIBFUEYwRxBH4EjASaBKgEtgTEBNME4QTwBP4FDQUcBSsFOgVJBVgFZwV3BYYFlgWmBbUFxQXVBeUF9gYGBhYGJwY3BkgGWQZqBnsGjAadBq8GwAbRBuMG9QcHBxkHKwc9B08HYQd0B4YHmQesB78H0gflB/gICwgfCDIIRghaCG4IggiWCKoIvgjSCOcI+wkQCSUJOglPCWQJeQmPCaQJugnPCeUJ+woRCicKPQpUCmoKgQqYCq4KxQrcCvMLCwsiCzkLUQtpC4ALmAuwC8gL4Qv5DBIMKgxDDFwMdQyODKcMwAzZDPMNDQ0mDUANWg10DY4NqQ3DDd4N+A4TDi4OSQ5kDn8Omw62DtIO7g8JDyUPQQ9eD3oPlg+zD88P7BAJECYQQxBhEH4QmxC5ENcQ9RETETERTxFtEYwRqhHJEegSBxImEkUSZBKEEqMSwxLjEwMTIxNDE2MTgxOkE8UT5RQGFCcUSRRqFIsUrRTOFPAVEhU0FVYVeBWbFb0V4BYDFiYWSRZsFo8WshbWFvoXHRdBF2UXiReuF9IX9xgbGEAYZRiKGK8Y1Rj6GSAZRRlrGZEZtxndGgQaKhpRGncanhrFGuwbFBs7G2MbihuyG9ocAhwqHFIcexyjHMwc9R0eHUcdcB2ZHcMd7B4WHkAeah6UHr4e6R8THz4faR+UH78f6iAVIEEgbCCYIMQg8CEcIUghdSGhIc4h+yInIlUigiKvIt0jCiM4I2YjlCPCI/AkHyRNJHwkqyTaJQklOCVoJZclxyX3JicmVyaHJrcm6CcYJ0kneierJ9woDSg/KHEooijUKQYpOClrKZ0p0CoCKjUqaCqbKs8rAis2K2krnSvRLAUsOSxuLKIs1y0MLUEtdi2rLeEuFi5MLoIuty7uLyQvWi+RL8cv/jA1MGwwpDDbMRIxSjGCMbox8jIqMmMymzLUMw0zRjN/M7gz8TQrNGU0njTYNRM1TTWHNcI1/TY3NnI2rjbpNyQ3YDecN9c4FDhQOIw4yDkFOUI5fzm8Ofk6Njp0OrI67zstO2s7qjvoPCc8ZTykPOM9Ij1hPaE94D4gPmA+oD7gPyE/YT+iP+JAI0BkQKZA50EpQWpBrEHuQjBCckK1QvdDOkN9Q8BEA0RHRIpEzkUSRVVFmkXeRiJGZ0arRvBHNUd7R8BIBUhLSJFI10kdSWNJqUnwSjdKfUrESwxLU0uaS+JMKkxyTLpNAk1KTZNN3E4lTm5Ot08AT0lPk0/dUCdQcVC7UQZRUFGbUeZSMVJ8UsdTE1NfU6pT9lRCVI9U21UoVXVVwlYPVlxWqVb3V0RXklfgWC9YfVjLWRpZaVm4WgdaVlqmWvVbRVuVW+VcNVyGXNZdJ114XcleGl5sXr1fD19hX7NgBWBXYKpg/GFPYaJh9WJJYpxi8GNDY5dj62RAZJRk6WU9ZZJl52Y9ZpJm6Gc9Z5Nn6Wg/aJZo7GlDaZpp8WpIap9q92tPa6dr/2xXbK9tCG1gbbluEm5rbsRvHm94b9FwK3CGcOBxOnGVcfByS3KmcwFzXXO4dBR0cHTMdSh1hXXhdj52m3b4d1Z3s3gReG54zHkqeYl553pGeqV7BHtje8J8IXyBfOF9QX2hfgF+Yn7CfyN/hH/lgEeAqIEKgWuBzYIwgpKC9INXg7qEHYSAhOOFR4Wrhg6GcobXhzuHn4gEiGmIzokziZmJ/opkisqLMIuWi/yMY4zKjTGNmI3/jmaOzo82j56QBpBukNaRP5GokhGSepLjk02TtpQglIqU9JVflcmWNJaflwqXdZfgmEyYuJkkmZCZ/JpomtWbQpuvnByciZz3nWSd0p5Anq6fHZ+Ln/qgaaDYoUehtqImopajBqN2o+akVqTHpTilqaYapoum/adup+CoUqjEqTepqaocqo+rAqt1q+msXKzQrUStuK4trqGvFq+LsACwdbDqsWCx1rJLssKzOLOutCW0nLUTtYq2AbZ5tvC3aLfguFm40blKucK6O7q1uy67p7whvJu9Fb2Pvgq+hL7/v3q/9cBwwOzBZ8Hjwl/C28NYw9TEUcTOxUvFyMZGxsPHQce/yD3IvMk6ybnKOMq3yzbLtsw1zLXNNc21zjbOts83z7jQOdC60TzRvtI/0sHTRNPG1EnUy9VO1dHWVdbY11zX4Nhk2OjZbNnx2nba+9uA3AXcit0Q3ZbeHN6i3ynfr+A24L3hROHM4lPi2+Nj4+vkc+T85YTmDeaW5x/nqegy6LzpRunQ6lvq5etw6/vshu0R7ZzuKO6070DvzPBY8OXxcvH/8ozzGfOn9DT0wvVQ9d72bfb794r4Gfio+Tj5x/pX+uf7d/wH/Jj9Kf26/kv+3P9t////2wCEAAIDAwMEAwQFBQQGBgYGBggIBwcICA0JCgkKCQ0TDA4MDA4MExEUEQ8RFBEeGBUVGB4jHRwdIyolJSo1MjVFRVwBAgMDAwQDBAUFBAYGBgYGCAgHBwgIDQkKCQoJDRMMDgwMDgwTERQRDxEUER4YFRUYHiMdHB0jKiUlKjUyNUVFXP/AABEIAFoAWgMBIgACEQEDEQH/xAGiAAABBQEBAQEBAQAAAAAAAAAAAQIDBAUGBwgJCgsQAAIBAwMCBAMFBQQEAAABfQECAwAEEQUSITFBBhNRYQcicRQygZGhCCNCscEVUtHwJDNicoIJChYXGBkaJSYnKCkqNDU2Nzg5OkNERUZHSElKU1RVVldYWVpjZGVmZ2hpanN0dXZ3eHl6g4SFhoeIiYqSk5SVlpeYmZqio6Slpqeoqaqys7S1tre4ubrCw8TFxsfIycrS09TV1tfY2drh4uPk5ebn6Onq8fLz9PX29/j5+gEAAwEBAQEBAQEBAQAAAAAAAAECAwQFBgcICQoLEQACAQIEBAMEBwUEBAABAncAAQIDEQQFITEGEkFRB2FxEyIygQgUQpGhscEJIzNS8BVictEKFiQ04SXxFxgZGiYnKCkqNTY3ODk6Q0RFRkdISUpTVFVWV1hZWmNkZWZnaGlqc3R1dnd4eXqCg4SFhoeIiYqSk5SVlpeYmZqio6Slpqeoqaqys7S1tre4ubrCw8TFxsfIycrS09TV1tfY2dri4+Tl5ufo6ery8/T19vf4+fr/2gAMAwEAAhEDEQA/AOG/tuJrmMRqzDevIHvX3JpFyZdOjcLgKoyTUq/CyzEajyugHatj/hFr20t2gTdsbkHuDXBToKF9Tur472/KuRq3cw5dUhQEsQAPemDXNPgtjczRzSx7ikcNum+a4kHPlxLxk+pPCjrU0/g65ktjGGO9uATwMn1r5G+IHieaxuI9Gs7l5N9ui/I2yTyOdqq2MqHJLyt6EKOa43iVeas1yu12dUMK5clmm5LZFvxt8SZ9ZtntruaOFFl8j7Pp0rpBa5J+S4u9ygvt++FHJzg1454g+LuseIINObQri6WLSMxNaSX86GaInYzrIpAbcOCTkgGu+8P+DfDbxxNdW63Dg7lUrthiI/uR9B9Tlj3Nep6po2k3NvsjtUQgHGFGK51mFJbRv8z1VlNXRSnbTZL9TzzwP8S7+5iu7q1a5iu9OYtqFj9pkafyYQDvtZ8HzEUffikBwOQcV+l+ifFuw1vwu19by/aPJQySFcFgue4XPT2yCOQSK/HC7guvDvjGx1eNltQuLdpmX5o88JIQv8AON3qhIr648G3Vpok9vPbwrHbTtcGS0yqiMhz9rsdy8EJ8zw55U5A4NdEa6krxdrnmVsJKlPlkr+fdH2xYfGHSbmBJ1mLquAf9k1y3jzxtp+p2KbXB6Vx9j4L0yxFxFDtePflHHR1b5lb8Qc1z9z4cjmcow+XPFSqtW7TD2dDddDyLUBpMsbTMFG0E5r5kk8YWqyOBIDhiPvV9oap4Rs4rVgwJUqRivlx/h7o+5v3SdTV86tqtTWMG9tu7P2BMsoUfIBUQlLn5kGKr3Wq2WQFYHHWswajbetefLPLf8w5xxyt7+2ZduEUkgIOQRn61+NXiaV9J8R69LM4W6e/ks7f/AEf7Q5hskC4VSQAvylia/Y2PULVn5bivAPFXwfg8Q395NFqFvBBcz+eu4P5iSt98gqOhNYLGSxsuSNFppXaVrtfM9PDUoYSTnOsrdHK9k/kfBXg7xVFqttI8hQOhO4RZUMB0JVuVPqOaWLxwLbUpIpbwRhTkxQQrMEX/AGi/zE+uOlfe3hX9n3StLhnEWox+YYvLXEDFcepJOc15Xqf7Mt4+oM0OoWckDXBuDbsxTbKy7GZSy5AYds4rk/szEQqzk6c1FrRKzaPpVnODqUoRVam5Ldu8UzyPxFo+leK9AuESRCzRMUZOC2RwD7GvJvhvrd5qPh+YyTbbyAR+arnlb2yUmC4x3W5ijKN/tL719e3/AIPg8KLbxXNvDaw+WSrROr7gvy7Vx/Ef/rmvizwHc2cPxC8UXVzd20VsLuJryNpFVILQExfP/d8shGXPP51rg1VTnTknzXVlbU48xlSlCnUhJctnrfS1r/hY/R7QvEFqIYLdZNyQW8MaHBACbcovOM7VIH4V3sD29xllIx615X8PUtPHei3MljBb2c0BARI5S0M8SjH7stkqyjAPJFd1HZy2AW18kxyAchuD9a+oVlFpxs117nyFSDU/i+XY5zxROi2NxGpBbYcV8qx61oQjQP8AeCgNyevevpfXbUeTMzEZCnJ6CvhW41vTknlUquVdgePQ15eJo87XxK3Y97L8R7KMrKMr/wAyPdj4o8RRJCXWQkqX4UnA9DXSWXivUTpJu5ndC5Plqw54OK+vYfCulWumjUdXmisYDjBkH7xs9Aq+p7DrXn/ib4mfDjwrZ3Eml2KXt5bgokrpuRJCOhduAQeoUZr1J4aEk0krtaaHlYbE2mnKm5Rvqr2uebxTeIBYwXmpXtrotlIwC3OoyeQHPfy0PzP+Ar2jQ/FPhW722WieJdP1W4jiJkUyhXDbuTsByF54r8XvH/xBude1Sa/1m/ku5mBxk/dX0Reij0Arj/hrc+IovGVhrWl2MgVWCLCcH7TDMdm1ycBI2P8Ay0bgEZUHFdtCjClUTUVe1nZHiZnUjLDzUqiilrq7JfM/o00u41ExSK6wCUOAR82On511rvchN1xbxLtHDrLgfkwr5T8PePtL1Cea3j1OKO/tiY7m1Z8yIycHp99c9GA5rS134i6FpVpJcTz21tsHzXE78D/dDck+gGT7V2Sldt9Lnz1OcYpJ6tpNLrZ67Hh3xnuPL8Q2V5dW7pp0Fhl5eqswkJMYI/ibICjvnPavxp0DVtTn8T39uIoA2u6q8E4ljMgZHlD7doycAgZx2r9AvFN34t+J+op5Qm0/QLVzIJ7lSj3UgGPOKHBwBwoOAo5NeFeFbDwfp+tXWoz/AOmWh1RorW6cFYmlSApI6xgjcoHyk5wSe9eXSoOFatVjG6m07vuux9L/AGjQrUsJh3VXtKfuuMbte93e1/I/THQ7iz8OeBrzUbKZXtY4/Js50hEC375IAijHKWYbJA+9KeTxX1/pmgWur+EPD4utySxWUWyWIBSpZQSMdCvtX5Fr401zxbrgaeGWS2EiCO1t0OxEXhURVGAQOme9fcHiL4u+JtH0mz87wy1hHKClvHPHKgVI+FG/oxx1xjFaODta2rPWqQldWerOa+Imj+IdIMiXEDPayKdl1ECYzgdG7q3sfwr4t/4VzLcfvsMfM+fPP8XNfY+j/GmwS3nGppIbe5YRvamNXt0RvvOzHnHqoFSHx38D1JVNUmRRwqqZdqgdAMqeB2qFTmm9GRLmUUuTY861Hxba/EnxfbW1rHeyOwPlXNrbvFFHGOWZ3u3Ucf3lTn0NfNfjXwTZtb2wbxYogQSmONbYyGONWI3biVGSBljiuq8W+Lx4Q8JTWtsFXWNSiDXUi8m3h/ghQ9mbOWxXnXhbwvqutWdrbq5FvF5NvJKckloRvZYx3JZvwxmtqrqRcYU93t8up3YNYOMK1bFTtRpRTetrt7L5nlWnfB211RjfwNe6haw3McANwgiW6unO1YVVMkRqTmRieACOtfpR4D+H8WnaZD5tsJJTh5nbC75SMFzjuBwo6KOBUt18J9N/sq3J063nksoj9liuSDGgT5iuTkKDjJIGc85zXufgyw1pPDempfTtcXawq07HLM7t8xzj0zge1etQh7Jau7tq2fiucYyOY1b04+zpqbUaa6r9TzXxT4L+H95a2cNxoNlNflS7TqpEiFySMshUl8dea8sfwb4F8MWzajdQW8Kxk4mmzK+fRC5Y59hX2Vpen+E7GAyapcf6U52hCGCknuOm4k9qoeE9c+HuqT6hcm0eOW3lW3aO4g+ZNnzA7PmCsc8ge1NKMqjSg5S30Q3QxOIpU3VxUadJJJR5tkunY+Atb03xJ4s06Wa7S50rw+ACLeNSLy+HZWPSNG9OtZ+hfDIaysKXVmYdOtWQbolxDaoh+4pb7xPQhc5PJNfrQniS0itnW3eP7IAxBa3JUHOcYr5A+JPxKWPRZ76+KwWdiThI08tSScLkep7UnhKlaopVLwhT1a21PpcDjsPlmFqU6EIVsRibQjK3NyR68q/NnqukeKNO0mzt7Hw/p8On2q8BERfMbHVnNRau8Gs28lvqzvdQS/eRmJ2/7SejDsRXxF8HPidb+KrK9iiiZbuKVnl3DA8tz8rA+nbFfX1vKpGMlmA5r06CouFlBa9bHiYupi41+aVWd1bZ6X7n5hfEm0fw14hutP8AtpeMbZYJjhd8b5xuHqMYPvXzS3iO7DH69gDX6G/H/wAA6Z4ng0qRrk2N4+60t7ksRGZD+8SKb/YfBAbqpr4EHwd8fRARtoGpsUG0ssZdSRxkMDgj0I6141bmp1HHZbrzR99hcVUr4eEuqVpWfU6qS31bxb45tLRDuaaYyzSHkIF5yfp1xX62eFtC07R0sLO0QRxW8ZkbgZd/uhmPdick18GfALTY5rzWNWcZLyeTGT2VOuPqa/RDTxbyXMjeeVBVBtKkMMDnrgYHrmtaMYrmnLrovJI/Pc7x9bEV1hqT9yD1V7Xk1Zv5LQ7W+vRNb+VIikSOFOB1Vfmb+g/Gnx6/eQbtgHIxgvKg/wDHMVzOoa3odw1qlnaSxeQjK8jtuMhYg5x26VkPcKehrp91rY+RnOpTqWjUUuVWutU++5n6wk2o7g8dmwJyQwZyCO43d/ejwdZS298kKsWDTx/eVQFHTgL2qSWcbTzmu3+E7adqd/4jaVAx0+5t4lYnADlN5/LIqoVIUqim1eya+9G2Cw1bF11TT0+KXomj22fw4C5PnqOvAiGPyr8wv2m4LkeC9TsgcqdVtkyBjODkcV+uE0kfP7xfTrX5/wD7Uun6cngOC4jRfMl1OEyODnJANc0cXN0qsJ680UlotHc/R55XS+sYapT932c3KWr1Ti1Y/ITwtrOo+Eb37fZSFMQ7JVxkOg5Ix6+lfrB4M8f+Eta00S6bqMdwwC+eM5kRiOjjsa/H7V5d8MqL0EJB/wCBED+leZfD7X7zQPGaPFcvCswaJyrYyDyM/jXJ9alQjNqLdley30PSrYCGKq048yi20rtaa9z9Uf2jfF9na+ELS2SUefPqNu8a99sR3MR/jXi9r42uzawEapcKDGuFEpAHHTrXzH8Wb2W9ltJ3meRw3LMSf51xkOqMIY/nP3R/KuOnjPrcVUcOVbJfM9mngv7MnOhzqbdpOVrK9raH6WfAK7fTvDenyRBTIkm8bhuBYHPI719RzTX2pahfzzMBPK29scAj0A7V8dfBskaZIOwuhgenyLX2bb8anD7xtmu6GsV6n4lWq1Oaa5naTbav1OW89rWUMT+7Jw3+yfWr761ClwkZVwTxuPQk9MfWodUVf9JGBjniuL1X/kGWzd/KHPeolOUU7PY5YpStdbneSara7ZMyqTGMyc4KgDPI+lXv2WNSGo6D4vuGkBln1lpJMnozqGC/gMCvnDxdJIiXTqxVjYy/MDg/cPevhX4Ya3rNna6qltqN1ArXAZljmZATjqQpHNRKq302Z9xkFCNq0ursj+lu5jkkiATYpDKTnByBXw7+1FHJH8L7fc6sy6nESVHYg9cV8Lf8JT4m+zE/21f52tz9pk/xrmvHOs6vc+FraOfULmVGnjLI8rMpIXIJBNZKd3t1PtlSs/iPl+Ri8d0x6blUf8BGf614DrIaG+SRTg8MD7ive0/48ZP99v6V4b4h/wCWf1NKTvJikkop9TpNY1t77S4dxyVA5rMiuT5ac/wiuWBP9nH6VLH/AKtfoKwoQjGMktrsrE1Z1JxlJ3fKvwP/2Q==', 'active', '2025-12-18 17:53:27'),
(4, 'Rahul Verma', 'rahul@gmail.com', '123', 'patients', '9888811111', 'data:image/jpeg;base64,/9j/4AAQSkZJRgABAQEASABIAAD/4gKgSUNDX1BST0ZJTEUAAQEAAAKQbGNtcwQwAABtbnRyUkdCIFhZWiAH3gAEABgAAwAdACdhY3NwQVBQTAAAAAAAAAAAAAAAAAAAAAAAAAAAAAAAAAAA9tYAAQAAAADTLWxjbXMAAAAAAAAAAAAAAAAAAAAAAAAAAAAAAAAAAAAAAAAAAAAAAAAAAAAAAAAAAAAAAAtkZXNjAAABCAAAADhjcHJ0AAABQAAAAE53dHB0AAABkAAAABRjaGFkAAABpAAAACxyWFlaAAAB0AAAABRiWFlaAAAB5AAAABRnWFlaAAAB+AAAABRyVFJDAAACDAAAACBnVFJDAAACLAAAACBiVFJDAAACTAAAACBjaHJtAAACbAAAACRtbHVjAAAAAAAAAAEAAAAMZW5VUwAAABwAAAAcAHMAUgBHAEIAIABiAHUAaQBsAHQALQBpAG4AAG1sdWMAAAAAAAAAAQAAAAxlblVTAAAAMgAAABwATgBvACAAYwBvAHAAeQByAGkAZwBoAHQALAAgAHUAcwBlACAAZgByAGUAZQBsAHkAAAAAWFlaIAAAAAAAAPbWAAEAAAAA0y1zZjMyAAAAAAABDEoAAAXj///zKgAAB5sAAP2H///7ov///aMAAAPYAADAlFhZWiAAAAAAAABvlAAAOO4AAAOQWFlaIAAAAAAAACSdAAAPgwAAtr5YWVogAAAAAAAAYqUAALeQAAAY3nBhcmEAAAAAAAMAAAACZmYAAPKnAAANWQAAE9AAAApbcGFyYQAAAAAAAwAAAAJmZgAA8qcAAA1ZAAAT0AAACltwYXJhAAAAAAADAAAAAmZmAADypwAADVkAABPQAAAKW2Nocm0AAAAAAAMAAAAAo9cAAFR7AABMzQAAmZoAACZmAAAPXP/bAEMABQMEBAQDBQQEBAUFBQYHDAgHBwcHDwsLCQwRDxISEQ8RERMWHBcTFBoVEREYIRgaHR0fHx8TFyIkIh4kHB4fHv/bAEMBBQUFBwYHDggIDh4UERQeHh4eHh4eHh4eHh4eHh4eHh4eHh4eHh4eHh4eHh4eHh4eHh4eHh4eHh4eHh4eHh4eHv/AABEIAIAAgAMBIgACEQEDEQH/xAAcAAABBQEBAQAAAAAAAAAAAAAEAwUGBwgCAQD/xAA7EAABAwMCBQIDBQYFBQAAAAABAgMEAAURBiEHEhMxQVFhFCJxCIGRocEjJDJCcrEVM1KC0UNiouHx/8QAGQEAAgMBAAAAAAAAAAAAAAAAAwQAAgUB/8QAJhEAAwACAgIBBAIDAAAAAAAAAAECAxEEIRIxUQUTIkEUMnGBkf/aAAwDAQACEQMRAD8AdkNHFLIaohtnzil0M7dqRDaBkM+xpQMnbzRaGtwKUDR9KhNAXQxXvSo4Ne1A3u5W2ywlTLpNYiMpGeZxQBPsB3J+lQjWjnpgnH5UzX3UNisnMLlcmWVpHMW85X+A3qpeIHFabdlLh6fS7BiDI6xOHVj7v4arR1x11fO44txR8qJJpvHxG+66Fr5CT0i+JnFbSbS+Vj46QPKkscoH4nP5UJH4rWJ5zlMZ9P1GN/TPaqT6ZKOb0rgoI70f+LjBffs01Yr7ar2jEJ/LnLzFtWOYD9acXGcGsz2K4TbZLRIhvKbcQcoIPY1onRl6b1FZW5g5EvJADyB4PrSmbB9vtehjHk8xdTXsKQcaI8U7La3xQ7jXtQAozutUK63g08OtbHag3mqsmc0TpDPtSyWfrRaWcDYUqGceKqEBUM+1dhrbtRYaxXQbqEITxL1ZD0dYDLd/aS38txGQcFa8d/YDyay/qK93O/3Bc66ylvvKO2TsgegHgVNPtB3V2fxEkxC5lqChLDaeXBTtlX4mq8CSTgDc+K0uPjUz5ftiGfI6rRylPqaUDZ5gQmnS224LI59/WpZYtOx5a0gpGDt9a7kzzHsJi4lZCCNpJXy8uQQR+terYUVZ5CB9Ku+06BtKlI52VrXnPfb6VKWuGNpktg8nTVykAYz3pN/UYT9Dq+l3rtmaQgpRkJPceKn/AAauymr6qASQiUhQKR5UBtVwReE1qYjuodQhxTowTjsPGKqDiBpG56DuyLnbnVtthZDbg7oyK7PLjPuPRS+HeBea7LxLXy470g61t2quuD2u37tPNluYBc6ZU06FKOcbkKBJ/KrTcb22oNw4emUlq1tDM617UE+132p7ea77UE+17VU6WEGK7DPtR/R9vFfBrbtU0XA+kc190vajg1Xhb847VNEMW8aCTxNvpysn4k/x9+w/Ko7ao/VfBV2HepXxyjts8Vb6yy2UJD4JBzuSkEnf1JpnsMRw/tOX5e1aflrEhGY8so7wI6cgY896nGlY370lZCsAdvWotBSlGOYgVOtMFrqNp5wCTkA+azc9PRucaUmWFY4iVvNkpAwO1TOG2gOBDY2A8UxWSP8A5Sk4O2SaefiejIAGd+5rNHr7HRpgqHMRtUV4gabZ1FpyZbn0jnWghtWOx8GpjGc5kDBzSM5GUmreu0B99MxHon4uy8RYCUsrU+xM6SmwcFW5Ck+577VqQtpKQUfwkZG2KoTijalRuNTbcJrlckzGXUDcZUVD0rRDiNzWrnvzU18oxZj7dVHwxqeb9qCfb2p4dboR5ugIu0WV0u21fdPFF9LxivOmM0TRUE6Qrwt5ovk2rwIyobY3qaJsyJ9osWuZxMdk22UHlKZQ3LAQR03W/lI3G+wG4plLbcSEhOyeVNSriTEYuWs5qiU/FfHOFSfJQFq3+7AprFvEwqScYHrV3kTlJjM8dxT0RuJbr1eA4/GLcWKju66rlH1rlMW+xVhyHe4klxH/AE2XwV49ge9POo4k+TGZtkVRSgqJUM7E+M1YehdMaYZ4dOW28R3pt0IU4hzpBJSsnICVE9h/zXazKZ2/+E/jVVaSf+dnfBrWVxlL/wAPuaT1EE99s1ac+Q2rlXy4I3wT3rNLMmbp7VzYSsp5FjmSVBRAz6itNxkokaXE6Iyl6T0ecJP8xxsBmkORCVbXpj+GtrT9rorF7VfE9+5ly1WL4iLzFIbU1y4GdjzFQ71IrPrq+RJTUfVlhkwGXSEdfGUNn1J9P7Vzwl0tf9Sz7vP19NkRW8hMFhl4p5fJI5SRjxgjfvtUltlmkus3GwXVRmxErKY7y0nJHg7+R+VdyeKSWl/orCbb99fJDNSWWPL43WeapIWWoKpA9MpyAfxIqbOI9qSesqWdWR5fOoiPaSwPGT1R3+4Ua6jarxW5S+BPkT43v5G51FCPI705uIoV1FWAFmFGPFclHiiij1rhSd6Z0CBlI3965KN9tj4olSdhXBGxGKq0d2ZAft1xg8QJce9ZVKKny2oKyFHJySa7t61InLRtjNWhxw0vIZ1LG1OyEGKshDgBwpLvLjf1BA71WDmEXFW2Aog7UOu/Zo468uyVxIDCkddCEkkbgiuLpKfixD0GACnspZ2+4eaP06jqJSjuK84jtOQdOvORkBbxQcetJp/lof8A6yU3Pd/f1rUrmdWvmUT5Nao4XSGZWkoTTh5z0hzZFZNt7rUZ+JMlIL4cfHUSBzEY3OR4rUGhNXwJcWJFchqhuSipMMFshKkt4yc4wO42NM8paSE+M/LyLFtpjRCTnk/7u340q8406srQM+9NrTwde5VjCvHoacUI5UUqntaCWu9sZbklJlFXZXLg7eKBcTRs4hdxeA/lSkH78mhnB/emMa/ERzvdgTidqFdR60c4O9DOjvVgJZxT3rkp2pciuFJFNgdg5SK4KaIUPupMiuHSDcZ4SpehJJTsWXEOE4JwM4Pb61mQyyn5VjKkkgeNgdq1/qi3Juun51uUE/t2FJTkZwrGx/HFYyvGG577KnB1W1YUjPkZFU8dh8V6RNbNfkxIjchRJBHbPemvVmtJEpwwWWQta05CtycUx2l6OltKZxUUg5ASf+e9cXW1RJlwXIjLdSFAEqCiCdvShTihX2PPLdR+JL+G+l4cu6oud1U0CCChG2cirrtMSU1AbKIzTqmVqUlCsDbwR6HFUZo2Hp5hk/4vOdSgHJy6oEfgauHS0TT9wjIctN5nKz2KZRPj0NL5u6G8ahR09Mk9qu8CbIUxktSW1cqm1jBBp8U8A2RkZqvJmmpMXV0e+NXGW8zhKX2nVA9vKcD8qfbveGo/OpYKUpG2dgf/AKdqCn3pArFITpkuzHzjlVIUlBB7pSAP7g12sVxZ4iodqYYcGHAnmWPRROT+ZpZwb06lpaMu3umwR0d6GdFGODvQzw71CpZ6hSZH/qlVb70mabAiatxSah7Uor07UNPlR4UN+ZLeQxHjtqdedWcJQhIJKj7AAmuER0oZVgd6yJ9pSzJsfEKXIjoCYs/lkDkGCh0j50n6kE/eaaeMHHTU2q7nIhafnSbNYUqKGkR1Ft6QntzuLHzDP+gEAecmmvSrS5vD74SXzLK33VpLhJJBxhWTv3zvV6h40qZMVfdpzJGFXd1CiAo4wO2340/6NvCEy225RLiSobA1E7tCeivKbcB280LGfW04ME7diKNWKbnopPIvHfZoeLa7PqHoks9OOgnnCflJP1qydGtWmz27EZrpIKSoKWBjAOBWYtP60kQG1tlSuRaQNlYP1qQM8UpwhoYTHX1EICR0+2Ac5PvtisyuJk9fo11zcTW/2XHqLWKmLmmNHkFUhJOxyEkbj79vzx7UTpBL2qbom7Skq+BguZbyPlfdx3B8pT/f6VUPDbTt813qATp0p6LbmlZdcQo+f5EZ8nG58CnnhrxuYtt0VpfUsZhi2sPrjxZsdHKGUBZCQ6kbEeqxv5IPerRxtNpdtC2bkvxW+kzQK+5pBwUtzJUkKSQpJGQQcgg+RSLh3rjBIQcFDO+aJXQzlQhZyqSJwKrXVnHbhpYUuIF+F2kI26NtbL2T/Xsj/wAqoXiL9pHVl7K42l2U6dhHbqJIdlK/3kYR/tH308sdUK1klGn9ba30ro2KH9SXqLAKhlDSjzPOf0tpyo/XGKzBx546jWdqXpzTEeXCtLiv3t9/CXJaR2TyjPIjIyd8nbOKpO4zZlxmuzZ8p+XKdOXHn3Ctaz7qO5oUnFHjCp7YC8zfR6gArGfWrR0o/wBaC2BskoG3pgY/SqtBqe8NpSVtvMOKGEkb/wCkn9D/AHqnKncbD8G1OTXySyVp9NwjqKUAqHbIqFz9LLalllSC2sVc2m2QFJbUjPN5H604X3TLMpIdDaFlPgisyORUPRr5ONGRbKs0vwtl3dYxOLIx5RzZqzNPcFrPbUpfnvvznBvhQ5Wyfcen1p80XZlw5CX2FLQD/EgnIzVghlTyU9QHI8ZqmTk5K62cnjY47SA7HbY9rtaGIzLbTaAeVKU4ArH/ABi0irSWsHmm1KXEl5kMFXcBSiSk/Q1td5rlSlAx9KzJ9raXFVqS1W5pSVSGGFLdA7pCjsD+FE4LpZdL9gucprDt+16H7glxesUXS0PT2qZzkSVE/YsSXEEtLa/kClDPKUjbJ2wBvV2RpUeZFRLhyGZMdwZQ60sLQoexGxrBY7U8aW1XqHTEjrWO7SYeTlTaVZbX/Ug/KfwrQy8VU9yzKx8hz0zbThodw1R+kvtANr5GNVWkoPYyoO4+pbP6H7qtqwahsuooXxlluUea1/N01fMg+ikndJ+opK8VR7Q3GSb9M//Z', 'active', '2025-12-18 17:53:27'),
(5, 'Sneha Gupta', 'sneha@gmail.com', '123', 'patients', '7777722222', 'data:image/jpeg;base64,/9j/4AAQSkZJRgABAQEASABIAAD/4gKgSUNDX1BST0ZJTEUAAQEAAAKQbGNtcwQwAABtbnRyUkdCIFhZWiAH3wAGAB4AFAAVACthY3NwQVBQTAAAAAAAAAAAAAAAAAAAAAAAAAAAAAAAAAAA9tYAAQAAAADTLWxjbXMAAAAAAAAAAAAAAAAAAAAAAAAAAAAAAAAAAAAAAAAAAAAAAAAAAAAAAAAAAAAAAAtkZXNjAAABCAAAADhjcHJ0AAABQAAAAE53dHB0AAABkAAAABRjaGFkAAABpAAAACxyWFlaAAAB0AAAABRiWFlaAAAB5AAAABRnWFlaAAAB+AAAABRyVFJDAAACDAAAACBnVFJDAAACLAAAACBiVFJDAAACTAAAACBjaHJtAAACbAAAACRtbHVjAAAAAAAAAAEAAAAMZW5VUwAAABwAAAAcAHMAUgBHAEIAIABiAHUAaQBsAHQALQBpAG4AAG1sdWMAAAAAAAAAAQAAAAxlblVTAAAAMgAAABwATgBvACAAYwBvAHAAeQByAGkAZwBoAHQALAAgAHUAcwBlACAAZgByAGUAZQBsAHkAAAAAWFlaIAAAAAAAAPbWAAEAAAAA0y1zZjMyAAAAAAABDEoAAAXj///zKgAAB5sAAP2H///7ov///aMAAAPYAADAlFhZWiAAAAAAAABvlAAAOO4AAAOQWFlaIAAAAAAAACSdAAAPgwAAtr5YWVogAAAAAAAAYqUAALeQAAAY3nBhcmEAAAAAAAMAAAACZmYAAPKnAAANWQAAE9AAAApbcGFyYQAAAAAAAwAAAAJmZgAA8qcAAA1ZAAAT0AAACltwYXJhAAAAAAADAAAAAmZmAADypwAADVkAABPQAAAKW2Nocm0AAAAAAAMAAAAAo9cAAFR7AABMzQAAmZoAACZmAAAPXP/bAEMACAYGBwYFCAcHBwkJCAoMFA0MCwsMGRITDxQdGh8eHRocHCAkLicgIiwjHBwoNyksMDE0NDQfJzk9ODI8LjM0Mv/bAEMBCQkJDAsMGA0NGDIhHCEyMjIyMjIyMjIyMjIyMjIyMjIyMjIyMjIyMjIyMjIyMjIyMjIyMjIyMjIyMjIyMjIyMv/AABEIAIAAgAMBIgACEQEDEQH/xAAcAAACAwEBAQEAAAAAAAAAAAAEBQMGBwIBCAD/xAA5EAACAQMCAwUFBwQBBQAAAAABAgMABBESIQUxQQYTIlFhBxQycYEVI0KRobHBJFLR8DOCk8Lh8f/EABgBAAMBAQAAAAAAAAAAAAAAAAECAwAE/8QAIBEAAgICAwEBAQEAAAAAAAAAAAECERIxAyFBURMiMv/aAAwDAQACEQMRAD8AYW8ty4SWXSYySNSqVz5ef5UYiloCWCuwfOpQQRvkAj60x4RKRwy3hkQYUafFvg5ph3sCOyAKXAJC6f2qqcUxGpMSGNSyvIh3O+a6mg8ErRjcKCMj1/xT2ICfxSWxUnYaTzqSaygk0KA+D+LG+aTGL0PnJbQstLYJKzKS9PEsgBrUkciPSv1vwyI6jHIOXRv813dPc2NqZGMAhQanZ2KgL135VqdGcrZypkVsBiR0FcTShjpkQbdVG5rNOPe1FWneDg9vrwSO+l+A/IdfrSuXtxxiLhDPHOGuXkzqZB4F9BQjd2Fxs10i3aMrpIBG4IoBrKC5g1xvoGOWSKpnZ7t3dToq3+LhTsSqaXH+flV8tXgvIjNayCSFkyMedM2/QqK8Yq9zuFjIYqy42YfzUTQyKGzFzGxByKazB4otSbcjjoa8uYG0pgkEmkco6oooS3ZX7jR3SrnDDmCKCdlaLEbA42yDT65ZdTK6BtJxSuW0gdXdE0nnkUXGPjFue2gBoT3OC2oE7ihHhVS2FB3xinS2R7tWWQN1waX3ME8bF1jVhnoa1S8YtxexxaXkcCxRsVwzMrEsRg+gxjr50w72KW4ARw4GwPIH5HkfpXp4bbt93blgST4M5AzU72a2dowY5iRdZUAZ/wB501Rb6ZNuUfAyzAk7qRfhznI/KmHdYuN+qUksrFJQPd1dIw2xDkAE0ziWWGcRyzAOx0guf2PWjhRv0s7TSIn6Adaxr2ndsJLviJ4FYyH3aD/n0n4n/t+Q/f5VpHbPjR7O9nLm7jYd8Bpi6qXOw/Kvm1ppZ5pG1nUSXdzzJ6/WpaLRafYztrRiytIrOp6DO/8ANWa94NxFuCQNFaSMpfU4Rd9IG38089n3Y9Lrh8XE70au83jVvLzrVobWFIwgjXSBjlTJtjYpbMI4VdWrN3EWqO5UbxSroLD08/3q69meOiyuoxIStvMdEgb8J8z8qE9o3ZqaCX7S4dDpA8eUG6sOo8qp3DONLflmkPdyumH6YI6/Q/pTxlfTEnCu0b7NbC4gyrZTnlKHkdmdQGU4PJtqU9hOPfaXA/dJT/UW50nJ3K9P8fSi7vT7xIWzgHFTb3aHhFvpMEvIphI7CPOeQBzS+FWOoOrplTkEU1TxYIcgCjmiT3RpCoJFa4vsLzj0JYwDEuGU7YzQVxEImGGHi9aYXdsNCEIBqPShp+Ho0YXUwbnmikt2SeXwb2waHiGps7k7kefnTC6miZNJxryOtLE4eImTuzIXAxjvcbefOiRZyFFLI2xzpZs/UedPCFPYnJyZeEnD7rXKIdgEA2HLJ3NMLhldoRnJDZB25DpVdt7G+hkeW3mAyxP3kXL06GuuM30/DeAXl/cSpD7uved5FsQfUH9utFxexXKLpIzf2wcfFxd2nBIW8NsO9mK/3H4R9B+9ZtY4lfuiQvfMqZJ6E/8AyueKX8nEb6a7myHnbWR5Z6Ub2bsp7vi8SWwXvvij1LkAjlkeVQWjoS7pH0NwS74ZBw6C0tryCTuY1TSkgOMDFF3naC04XbmacOV6BELE+gArO7Xsbx1LmO5u+JNJKuCT3Y0j9BV6m4B9q8CiUs2sqVcqcZPKmdllj6RW3au041rtzBAqsCO7e4XvT/0/xmsE49bng3a28ghBUJMZIx+uPrW18K9nnCbS9W5msl7xCGVwx2I8gMVRvbDwSKz4jZ8StsKX8BHmRyoPpiyjcQPs9x1uF8TjvEci2lwSB/afL5fxW2QwW/ELcTozFJVDBhXzlYSLdWxVfix8I238sfqK33sPdCfsrYuJNWYwDnmcbfntTOVEasM9xSGQjvDjyNQXNy6wtCiBgeVGXgSW5OSML61GsayxBlUrz50rmtUOuNtKWQq72R411x4AO1QPexhmEiMuOtOljX3coQNjSu/hTuDtRuL8FqX0/Oji4QAsj6R4s8qnljmZ0Zp3Cg4Vc8yetKI+IXuhUMdtLI2+dZBUfIjlRkc06RJJcHKg5ycDTz2rRhKwSnFroMt2aaYiOTUATuNxtVA9rfv0/DLPu3cWRdu90g41gjTn054+VW6wb3C4nca5TcMXJyAFJ9KrPtHeBOyUjXEPeTd4qQtnZSdyfngdfOqNNR7Eyi59GLjCDLtv55qz+zu7QdqdD7ZiJU+oNVKVMuBTrsVpi7Te8ya9FtE8pC8ztjH61KrKxljJM+jLjiKmzjijOp2Hn0rqw7RgwJaRcPmkZvCwJ0ketV97NuI8OjvOGX7QvoDK6AMrA7jn0Io+1MYULJDcd5jfE7Yz8gBt9aVNtHdjF+DI8SubGcW9yS2d0Y8yKoPtc7y77PxS4wySjSKvcPA7ZJTfnW9yQAzuxIAHQDkKzb2mcYhldOGphjGjTSb8sDAHz3zQ7ySJzaUXRnXCpUeQENplGMjz9RW3ez7i4m4WsE0OnuT3epBtk9GH151gUKsjoyEh1OQR1rWfZ1fp38quNblBqjB3ZcYJUdT/AL61RtrRyqpKmavNZQTTKTnY/FyqWSOJVIEwG1ewuj26sr60IGG865kVMeJhWydC4q6sEkhVUUpJksdsGl9whwY2wM0c6quGB2pdM+qU752ouT+AjBd9gDTsUAKrgAYBqSNTKznfI54P5ZobAchULHffY8h5f5phAkscI7xSqsMgY351Pj/TZflfF0iIyuvgaPKgciM5/Osp9ovGZ7+7t7Z5FW2iJZYlOSW5aj/H1rSr4XzBhEwhyMK5BYj1/asb7TcHlsB37ay+SsxfcrJnnnqDvg1X+0uyN8d/yV7oWPM9Kk4VxD7Olvn8Wqe1khGB1bA3qFHZRljkeRr24CKisMFzyA6UoC3ezztdxDhfE4uGau9s5M4jc7qeex/Patlh7VW8QwLQ56ggV8/dkbZpO0duQDmPLn8sVtcVqt1Eki7HABqcrT6OrhaaphHGO1d3dRd3ZwrEDtqO/wClZb2ltJUJldmLvnWzbls88/pWqLwtF8WOXU1nvb+VQncxkE5BJHQZpYW3bG5WsaRR7eLvUCcmG3+CKuXZu5fhcZu5rIywFtLyD4Tj5bo3Ig7VXOGxRSzoSCdR3GNtXStK4dw1LLhEnD0mkficsgNtGBmOVG8Ln0xg55YzyqzTejmjS2XXs9xRZ7GOSG4S6gdjnWwEinO+cbNtvyB51YxGkpGpeuKwz7dTsnxSKSwaKW5gnkS50PqgmG2APl4tx6UdH7ZeKrKDJZWLac+AK6gfXUc0Vk2LLFGtTwhopsbBOQpfJGU0kIGYrk+lV/gHtGs+0E4s3h90u5CQqltSOfIHYg+hH1NWWVrgEnQBtitUlsFxekL0toZYwWXIPLmprxLvuPAgDFfCVcZx9a9si62yGR8tgbdBQtyyRNK7kYHIDck1L9J+F1xw9JHu5ZMZKjcA4UUt4xwWy45YXVtcQZYISkh5qd8HPzxUs99Y2sBaS6iBO+C2+3pWa9ru0d1xC8HDLWaRIEyZyr4DE4wNumOYNW428HZzcqX6LEpt7bd3boV30nBqBIc4ZvpnoKYXDeFERQQTpFeS2/h0cvDk56CtQxYfZ7bLJxe5kIOFjABxyya16yszGRo+F+Y8jWJ9ke1sHZu/u5Li0kuY51C4RwuMb9avUHti4Tb7Lwa7/wC6lDG0PGaiaDJatoOs4UCsW7bcUt7zizWVrgrAfvJB+J+o+lPOKe2ZriCSGy4OItYKiSWfJXI54A5g+tZxbhpYSUDPKCSRnc+dDGgueR3a3EkF4wjO5/CeRq3fbM17a9407EoAGz4iAM9efXBFVU2TqPeshdK7KetRRXrrIGUkhhhx0yPL6UboRBTrBNIe61RFpBqiHw523HUfKlk793M3ibbYkeWSN6muWMdyjocHWCP3oe+P9TJpOVfBU+fWmj9Fl8CLO4ZNL96ysp1KwODkHO371v3ZLtQnabgaXUzAXkX3Vyo2y2Nmx5MN/nmvncMojx+ICrV2H463CePRh30wXAEMuTtgnwt9Dj6E0Zq0LFtM2FRAI8CI4AxuxP71wzozMVRVCnbw+lcJIBC2dutRQyFSckAMxAHXPrXLHlk02dsuCCasrvaviUfD4HlWGPvcYB8z5f75VlTXbzyuXbZ2LMQefpV29oDlruNdwoViB0J5ftWdI3ixnaqQlJrtkeSMYypIbwHX95+FeX/quLiYspjjbGdyaHMzaERcAbgVCc6m54AyduZqmyTdEZjGr4uZxtivxAzzzvz512Y/EnTA3OK6YEKxxjHSmoQgLADUPOmduDI0ckDYdsA46EUC6gruwBO4pxwy3jW0GuXDEnVpOMD5+dZoaOxjeI08AEaDM2F1MdgeuPP/AHyoB7aONGK/8aDTq/u+VNZ7zTBFbxAQxov/ACEcif5xSK+naZY9A0W+MKvIkjY5rUrGcga4Zj3x8OUlGw3AGCNqDLMMIxzjYGiMBI8qudTHpzPlQLv8OOedxWYhIXzuADjPpUiN49JPNTUCEl2U4GV5Guh4zFjyI2rIzPocWEzIPvZNWMHSMfpUh4cvdhXLA5wCWOfrRRmRLlYhzDc886Hu3YygD4cbYrnzS0jpwk/9MovbPhcQyVTxY25k5xWYRrhGbyFa52rkdxlsAKAA3nWWiIZeAHUWcgkdADVE8kSaqRGFARST4gNxXmPASd886lnK+8SBeXT0qEODsCPWqpUiTds7I3APPnmuc+Ib7da8LEgjAPlXgbbG1Ex+YAAjJxnlTLhkh7oZzq5gdB6n+KUkkgjWefIU44aQqBVwMkZNLJjwXYwvJ40hSBULFz1Y7+ZP1/aguKP/AENiiIqs3eSaVHmQP/Ghb0Sw3syz7spAweWK64ngXiDBCqoAxtj5UUCX0H0hEB0MN9weVAXaBJA2kqTz3o4lMfFJuep2oW8B0bkbVpaEQOHJKnYYronPLpUStjrtXWcL86QY/9k=', 'active', '2025-12-18 17:53:27'),
(6, 'Vikram Singh', 'vikram@gmail.com', '123', 'patients', '9999933333', 'data:image/jpeg;base64,/9j/4AAQSkZJRgABAQEASABIAAD/2wBDAAQDAwMDAgQDAwMEBAQFBgoGBgUFBgwICQcKDgwPDg4MDQ0PERYTDxAVEQ0NExoTFRcYGRkZDxIbHRsYHRYYGRj/2wBDAQQEBAYFBgsGBgsYEA0QGBgYGBgYGBgYGBgYGBgYGBgYGBgYGBgYGBgYGBgYGBgYGBgYGBgYGBgYGBgYGBgYGBj/wAARCACAAIADASIAAhEBAxEB/8QAHQAAAgIDAQEBAAAAAAAAAAAABAYFBwIDCAEACf/EADcQAAEDAwIEBQMBBwQDAAAAAAECAwQABREGIRIxQVEHEyJhcRQygZEjM0JSYqGxCBXB0RYl4f/EABoBAAIDAQEAAAAAAAAAAAAAAAMEAQIFAAb/xAAlEQACAgIBBAMBAAMAAAAAAAAAAQIDESEEEhMxQQUiUTJhsdH/2gAMAwEAAhEDEQA/AOqK9T+8T81BM6qtXlD6p9LC+oVRLGorQ+4kNTG15I5KrnJMIsJjKW8sjFRz6EqJRsCR1qRfd4bUXkfy5GaWrW7Jubby3BhSScEVj8qGWaNE/RH3t1MGApxwbp3BpHnahttzgDhcCXUnkT+f85p6vrgkWdxlxI81HNJ61zH4tXZvTduL0NwtSH8tt8BxjufwP70iuP1yUUdZa14JLX/jWjTcV2x6fk+XL5PTUEEtnqlv+ruelUVN165c7h9TPDs10cn5TqlqH96r+bMkTJy1urUolXM0dGhzJCvMZjrLaeX/ANr0NFEKIpIUnOVjwh5b1KJKCGni2VcwVkH8Gtg1A6yQmQ9xJ5bq4jj5pTFnnOs+YWS0CccSth+O9YvaeuKUealsrAGcnNG60V7NqXgf7b4hXCxT0PRrhICMg8IeIA7Y7V0/4U+McfWccWm5uBdwSP2biyMuDscdRXCbKC6pQkFIPJAUP7mmDROpJWmtUsXFp4s+Q5uUjIxy5VWyGVlEQn6Z+mtvwU49Nb56Qm0u4A5dqorQ3ijEuqwpjUBeX9y0upAPvsBkD9aupc+PN0957DoWhaArKdxvQ4v9CS0tCkylRKwRtxdqNjKDUhCiAMEHb5odpQSlRzjKq+LmVbU3jKwLeGVXdUvyraLq6ClJHqAHWlyPOciSQ8y442SQUYOwOadNOIkv6MIlYW0UYSldVxdWn49wWkhYCTsMfb/3WdNOOGCZcVr8V5LVt+jvsLJ4cBbZzn57UdB8RItiSpYt8h5t07Dh3FVbZVOT2UqcbU4lG6VdT70/pg/7tHaQw2CsjAA7dz2+aWmurY/TN40Q2rtb3e7q+pt0dEVs7ZO5/NckeI2p7hftTvtylcSIzhaG+Rsdz+TXVt2h26z/AFiJLhKkoLnljlsCT8fNcR3Weqbc5MpRGHHFOfqatwq/s5lG3nbCbBZzebu3HSD6iNx810naNC2+Jp5ENxvClJGVgDJOKTfCHRaWbc3eJ6UoW96kBXRPPNXSiXaeINi4xln2cFGsm5vET0Hx9EaIZs8sWYeh7eZyZEphlxSAEpzyH46Vsu/h5HuccoS+UIzkobwCr2z0ptQqOvHlvJV7550U0435/lhQKu2aE8/po4i/By/rLwxvUSSqRbrY4Gkcyk9Krc8cR1bSm1eYDhR61+gLNuYlRlIeQlQWnGDvXG/jBpdelPEiRGKeBmQfNaOOYNF417lLtyML5LiQgu5AB0jqSVZb0xMYdU1IbPG24lWOXQjqDXaGnvFKdM0HFdY0u4tl1riDyFpxnrjJzzzXBtmbcnXeNEZSVuLcDbYTzyogY/vX6QwNAN2bRbEFlAZS0wlPCnGx4RkfrRZqTaaMpvQq2nUT8tpa1wls75wrcipeNcXHnMBOD8Vnb7a3FjOpxvvWDSA3K4h7U5DKWwBWGldQCRA8h55aC2MAJ5EAbA+1G3V+Nc3kqbilpOOErKfu9qUNEPNxFuuPqBTjcnlmnu5BlVnTLbK1tY4iQNlfikotyh9iiZhAhtSklmGtLXANz0Pt803QI5srLbcRCnZT3pAzkn3Pb/FV9AuKly25DTK0tKBQlR6jbl3HzvTOzdlW+4OMxnw48UbuKOeEUrJjFbSI3xRtzFs0Nd5S3RIukiE6nhRzBKTyrhq2Q3LneoVvQCC+8hBGN+ddUaqvD8y9LSt51TYUeNSjzPaq3XpBu2eLGmJ8FgIgSzxpxyK0q9Q/uDVePek5RGuLV37Nesf7G7WcVu36ejQXpMiNCaQAsRgeNzAwAMdKqCc1aJiz/tbd4YcSCoOOKIBA57V1tIssGfB4JQQSRjc70h3bQLbMlTjU8paG+FJSo/riurnKKyz0lnFVzEnwvcuCiWEXR+QjYJbePI9xWzxH1DfbPefIiXQR1hHfkacdH2WMxe+Jg44cniPM4rPxF0Ei73v6ltLKnFIHpdScK9sjlUdTUlJhpcZdvtxEjSOtfEv9k6nU8OUNuFlzcq64zivv9RDy7zozTGqZEcR5bqlNPIHQ/P4po0f4SxVy23n7e1GKFcSSw8oEnpkcjWzx4tyFWPTdjdRxByYQU474SMfrXOxq2LELuO1S4e2KH+k/RLOq/GxF1nMKchWNn6s5TlK3ScNpPTbdX4rva5O5tTwzyTVCeBsa1aLYn2yzsIUH5CnJDyealcgPYAbAVcNwvlvRaXi7IbC+HPDneno2KSyedeMYERd9DHnlaCG0qwVY2oWPqC2yXMIkJ4uu4oCZcWZ2kJq2WeSlYUKomyS5RusjLq14UdivYb10uX040WhSpvyGuuyoLTbIjFCUqyoHbixRE7Wd5ethYjoxGSOEjGc96P1nc4UxtMi2epzBC0jofioLSDUyal7zUtuMoyCgikZSk30piEns32fV08RA2VcXl7Y5Z7Z/7rYvWc5F1cnlhJUU8IQDtUa2yy1dpRQ22lAUMt8hg1qugaWr9iyW2x9yzgde1LTbQTeNBD8t6VxzXt1Ob8PQfFMFouNsfbsdu89KpzXmu+USCQATv7bUgzX/ACm0tR5JXtyJrXY5q4OpoFwfUeFl0hRHRKhwn/NDrl0yyxjgch1XL/Oi27zqdq2xFSH3MJGwxvk9qTJF/nXRz6l93DCTkR+LHGPemSbEhTGHUvp4m8+Y2B3pYh22+wdUOW2RdYiLa6kmK7IZGx/lUqma/t5PbxmStk1ww1M842j6cJVhIQQQoVM6h1s1f4i5dst8qPNilKUrWQEOpHMYrbG8N71JbbUyLHJ8wLXxNOFIHDy3HeljVEG+aclRICdPQJ0iU5wluPJVxJ9z7VMnJyLK2D3HY6aK1vHmpQogJWFcK0HoeoojxAjWy4S29V3DiWm0NhUWOB6S8tWErV3x0Hekmwacctl2XcArhLykpLSVZHFUdrPVcyRdpVjRJ4oDK0jy04wVgbknrg0vOxt6ZlfK8tU1Z9vwFWXXVystxfdiLSlL/wB+eXzTVpW8SdR352JLuJ8x5PpwdvxVVNrD7P2JAT25026Ps8m7uqm26V9KuLhQdG+SN8YqePOXVg8fVNluSNFvW/Q8la7g4VZUcdOXSuf2FebKdQ1xp4VYI/NXXKnX+bo2S68+lASCFBRyT7+1UvamkfVPqW9sV525neneRFSSNGnof9aPV3IyG8JbIzzPtRNom/SuHyuINr2WBS/EdUXEFRHDyIzTnppcAKcjvNhSeLKk43IpeEX1eTKUXnZD3VaxdWZsUnyeIBRVv1963ajfdTHbeykNOgAJSf8AnrTFqGJFgsKkRWElpJStKMbD9aVX5jV1s63ZJShSVYQjO4HSus9phVLWBfcSpJOCSf6ayiIWp9ttafvUAf1re1EdJJzwpVslSzgfqasLSnh55tsY1BdJjbkVR42WWjlTmDzJ6JyPk0GVMv6a0N8fhW2Ti+nR82tUW5OW14kFs5QSfuSetSrwjPQ1MymS4nmOtAattzz7aZcTKZLR4knuOoPtUbaNYQc/Q3RQjyUHB8zYKNMVwxs9kpqOyTgXByG8Y0dwN7Y9O2x/xTFDYtzEZT7TIXKdGVOq3OKiYtysXmLeS60QT6lGvH9SW3zPp7csPuLPCODlk9B3oXItaWgqnF7B7rJmwbVNnQ2SsMJGSOSSpXCD+pqplecqe4rylrUs5Uee56mulbbpVV10DOsy3kNS5qQouqHpCwQpI+BjH5qmZLcaC+7EUpH1KHFoW2vZQUg4UOxxj9KFx6ZzTwec+Y41101KCykLDUKc20sLIDZ396dNBCZJlqbZuf0TCTw8AIBUcVDqn4huPqhp41KGM8se1E2u9Qk3Nh4MCMkD1KA2JpiC6H9jz7zXpofpUWDb7PORJurzjis8B4vTy6VVUFcKJLWHlFQJ71Z1ziWW52BUluUESEghYB+73qsbpYpEVXmsZdbVuCner3Jv+SHa86JWbppp+/MGEr7sHHT5qUiRBD1GlqYoIDqsHg5nHSom43Zy0tssziuLMB40NgYUpPLO52FLVx1bJcleehZZcA4QUHcD56finocVyw/Brcf4yy9Kb0i0PEKdYYmnI7kWezGfAw5GUSpwjrkDkapydqZIty1w44b/AIEuq3Kj3xyFRE+UuWDlZUVHJKuZPzQDnpjhhXIDPPNNLi1wecbNKrg1VPKWWEyL1JWny1PuKCTlBUonfG9WT4T+J6Yyf/Eb4/iM6smI84f3ajzQfYnlVROtlQ696CdRkDCuFY61NkOuPSxh2TWDsuSwh1okAEEYBzmkTUWlYUt4uuMeo/cQOfvVf6F8a37Gyi0apYdlxUYCJSN3EDoFD+L/ADVsNa20DfoYVF1LBbcI/dvL8tQ+QrFZNtU4etB4WwkJEfw3M1KnI8s8IP2hRAA+Ks3R+jIdkbQ84Q89jCVKT9vx2qBi3DT1vlKljUMBCDzP1SMf5oa9+Oej7HH8u3vKu8sD0ojDDef6ln/jNK9m214wFdlcC3bnqG3aT029erk6ltllPpGd1r6JA7k1yLcb/Iueq0y3iQ49IW+vh6KWeX4BoTVfiNqHXFxEi4uBthr9zEbOG2vf3Pud6X4ckuXpjBPAhXESeprW4fG7O/bKLkJYS9jMjUcuKVqKuJOcPNHdLg5Zx/MO9TEaVbZikByWISFnCXsFTWfcc0H9RSVKV5he9zkULCuC40ksqPG05zBpuymFmpoz+RCuxuNkf+lgX6TedOR0lSiWV44HmzxNrHcK5VvsWr1mOll9XEk7gHpS1bNTTLSkxHCiXb3D640gBaD+DUwmLp69sLVZUm3S0gFDZcy0o/yjO6T78qRs+OcFisXq+Kq6008r89kPqS/vX2/yLjNdK3nTknsOgHYCogyy8ClZ/aI5HuKDKyoKOc53oV18tKQ8P4ThXwedaK0aNl354DnJCggDNDNrJkqSVHcbVk6BgY5HcULxFKwsZzmuBz1skC5wtjKem9CucKumN63r9SckkUMU7kE12C7WgZxoLzxAK+aGLAzjcf3o7hJ2zWHD3FUwLSrWQERN/vz7YralhIVuCfk0QEAHNZYFTgqqz4FRwnYCtscluUlfXBrAA9q+yePIrlouo4eSR4iWCc74qKdWUvpztg0a04SkozQEsKwF/mrkX5wmFOSFJUpOxFHQ5jkRpsoUQpas7dhUK6oFYIP3YNEtqKrwhsK2RhP/AHUFarMSTMkvYXvyO1DyiClSfbavnlDiIAwf80I89ljc+oHBqrZFk9Eg27/69onnwgVksARk/rQzW8doEgAJBNbVPIdjenACTjI61ZBOrMQwniZTjqKx4fTmvEEfTo5cutepPvUjP5k1AYXmvnk+oHkK9WRwnv3rNQCmOfKoZGM5BgN69Iwa+VhIyOleFQwDjeoYJrBmk5GcVjy3r5JHDsa9/h2qCD1KsEHtXq0edFUQBlJ5Vr647Vkgn6N1ST6kqBqcnNdWmAHPlIzzQ4B+DyrNh8NynXSd0gkfJrcQ07I2wlR+4dPmo9hQceKlbpzxEd+wrsiUvq1g/9k=', 'active', '2025-12-18 17:53:27');

--
-- Indexes for dumped tables
--

--
-- Indexes for table `appointments`
--
ALTER TABLE `appointments`
  ADD PRIMARY KEY (`id`),
  ADD KEY `patient_id` (`patient_id`),
  ADD KEY `appointments_ibfk_1` (`doctor_id`);

--
-- Indexes for table `doctors`
--
ALTER TABLE `doctors`
  ADD PRIMARY KEY (`id`),
  ADD KEY `user_id` (`user_id`);

--
-- Indexes for table `doctor_availability`
--
ALTER TABLE `doctor_availability`
  ADD PRIMARY KEY (`id`),
  ADD KEY `doctor_availability_ibfk_1` (`doctor_id`);

--
-- Indexes for table `drugs`
--
ALTER TABLE `drugs`
  ADD PRIMARY KEY (`id`);

--
-- Indexes for table `notifications`
--
ALTER TABLE `notifications`
  ADD PRIMARY KEY (`id`),
  ADD KEY `user_id` (`user_id`);

--
-- Indexes for table `patients`
--
ALTER TABLE `patients`
  ADD PRIMARY KEY (`id`);

--
-- Indexes for table `prescriptions`
--
ALTER TABLE `prescriptions`
  ADD PRIMARY KEY (`id`),
  ADD KEY `appointment_id` (`appointment_id`),
  ADD KEY `patient_id` (`patient_id`),
  ADD KEY `prescriptions_ibfk_2` (`doctor_id`);

--
-- Indexes for table `prescription_items`
--
ALTER TABLE `prescription_items`
  ADD PRIMARY KEY (`id`),
  ADD KEY `prescription_id` (`prescription_id`),
  ADD KEY `drug_id` (`drug_id`);

--
-- Indexes for table `prescription_tests`
--
ALTER TABLE `prescription_tests`
  ADD PRIMARY KEY (`id`),
  ADD KEY `prescription_id` (`prescription_id`),
  ADD KEY `test_id` (`test_id`);

--
-- Indexes for table `tests`
--
ALTER TABLE `tests`
  ADD PRIMARY KEY (`id`);

--
-- Indexes for table `users`
--
ALTER TABLE `users`
  ADD PRIMARY KEY (`id`),
  ADD UNIQUE KEY `email` (`email`);

--
-- AUTO_INCREMENT for dumped tables
--

--
-- AUTO_INCREMENT for table `appointments`
--
ALTER TABLE `appointments`
  MODIFY `id` int(11) NOT NULL AUTO_INCREMENT, AUTO_INCREMENT=4;

--
-- AUTO_INCREMENT for table `doctors`
--
ALTER TABLE `doctors`
  MODIFY `id` int(11) NOT NULL AUTO_INCREMENT, AUTO_INCREMENT=3;

--
-- AUTO_INCREMENT for table `doctor_availability`
--
ALTER TABLE `doctor_availability`
  MODIFY `id` bigint(20) NOT NULL AUTO_INCREMENT;

--
-- AUTO_INCREMENT for table `drugs`
--
ALTER TABLE `drugs`
  MODIFY `id` int(11) NOT NULL AUTO_INCREMENT, AUTO_INCREMENT=5;

--
-- AUTO_INCREMENT for table `notifications`
--
ALTER TABLE `notifications`
  MODIFY `id` bigint(20) NOT NULL AUTO_INCREMENT;

--
-- AUTO_INCREMENT for table `patients`
--
ALTER TABLE `patients`
  MODIFY `id` int(11) NOT NULL AUTO_INCREMENT, AUTO_INCREMENT=4;

--
-- AUTO_INCREMENT for table `prescriptions`
--
ALTER TABLE `prescriptions`
  MODIFY `id` int(11) NOT NULL AUTO_INCREMENT, AUTO_INCREMENT=5;

--
-- AUTO_INCREMENT for table `prescription_items`
--
ALTER TABLE `prescription_items`
  MODIFY `id` bigint(20) NOT NULL AUTO_INCREMENT;

--
-- AUTO_INCREMENT for table `prescription_tests`
--
ALTER TABLE `prescription_tests`
  MODIFY `id` bigint(20) NOT NULL AUTO_INCREMENT;

--
-- AUTO_INCREMENT for table `tests`
--
ALTER TABLE `tests`
  MODIFY `id` int(11) NOT NULL AUTO_INCREMENT, AUTO_INCREMENT=4;

--
-- AUTO_INCREMENT for table `users`
--
ALTER TABLE `users`
  MODIFY `id` int(11) NOT NULL AUTO_INCREMENT, AUTO_INCREMENT=7;

--
-- Constraints for dumped tables
--

--
-- Constraints for table `appointments`
--
ALTER TABLE `appointments`
  ADD CONSTRAINT `appointments_ibfk_1` FOREIGN KEY (`doctor_id`) REFERENCES `doctors` (`id`) ON DELETE CASCADE,
  ADD CONSTRAINT `appointments_ibfk_2` FOREIGN KEY (`patient_id`) REFERENCES `patients` (`id`);

--
-- Constraints for table `doctors`
--
ALTER TABLE `doctors`
  ADD CONSTRAINT `doctors_ibfk_1` FOREIGN KEY (`user_id`) REFERENCES `users` (`id`);

--
-- Constraints for table `doctor_availability`
--
ALTER TABLE `doctor_availability`
  ADD CONSTRAINT `doctor_availability_ibfk_1` FOREIGN KEY (`doctor_id`) REFERENCES `doctors` (`id`) ON DELETE CASCADE;

--
-- Constraints for table `notifications`
--
ALTER TABLE `notifications`
  ADD CONSTRAINT `notifications_ibfk_1` FOREIGN KEY (`user_id`) REFERENCES `users` (`id`);

--
-- Constraints for table `prescriptions`
--
ALTER TABLE `prescriptions`
  ADD CONSTRAINT `prescriptions_ibfk_1` FOREIGN KEY (`appointment_id`) REFERENCES `appointments` (`id`),
  ADD CONSTRAINT `prescriptions_ibfk_2` FOREIGN KEY (`doctor_id`) REFERENCES `doctors` (`id`) ON DELETE CASCADE,
  ADD CONSTRAINT `prescriptions_ibfk_3` FOREIGN KEY (`patient_id`) REFERENCES `patients` (`id`);

--
-- Constraints for table `prescription_items`
--
ALTER TABLE `prescription_items`
  ADD CONSTRAINT `prescription_items_ibfk_1` FOREIGN KEY (`prescription_id`) REFERENCES `prescriptions` (`id`),
  ADD CONSTRAINT `prescription_items_ibfk_2` FOREIGN KEY (`drug_id`) REFERENCES `drugs` (`id`);

--
-- Constraints for table `prescription_tests`
--
ALTER TABLE `prescription_tests`
  ADD CONSTRAINT `prescription_tests_ibfk_1` FOREIGN KEY (`prescription_id`) REFERENCES `prescriptions` (`id`),
  ADD CONSTRAINT `prescription_tests_ibfk_2` FOREIGN KEY (`test_id`) REFERENCES `tests` (`id`);
COMMIT;

/*!40101 SET CHARACTER_SET_CLIENT=@OLD_CHARACTER_SET_CLIENT */;
/*!40101 SET CHARACTER_SET_RESULTS=@OLD_CHARACTER_SET_RESULTS */;
/*!40101 SET COLLATION_CONNECTION=@OLD_COLLATION_CONNECTION */;
